thing_id,stationID,stationName,city,township,areaType,areaDescription,isOutdoor,isMobile,projectName,latitude,longitude,coordinate_crs,pm25_datastream_id,latest_pm25_value,latest_observation_phenomenon_time,freshness_status,observation_age_minutes,valid_coordinate,valid_pm25,future_timestamp,bbox_status
286,13372809628,智慧城鄉空品微型感測器-13372809628,桃園市,,,,,,,25.010843,121.47961,EPSG:4326,856,14.1,2026-09-02T10:59:18Z,fresh,3.38,True,True,False,inside_bbox
2217,10639632197,智慧城鄉空品微型感測器-10639632197,臺北市,,,,,,,25.105856,121.514465,EPSG:4326,6649,5.76,2026-09-02T11:00:26Z,fresh,2.25,True,True,False,inside_bbox
2218,10639739182,智慧城鄉空品微型感測器-10639739182,臺北市,,,,,,,25.10588,121.514496,EPSG:4326,6652,5.35,2026-09-02T11:00:50Z,fresh,1.85,True,True,False,inside_bbox
2219,10639892889,智慧城鄉空品微型感測器-10639892889,臺北市,,,,,,,25.105381,121.515045,EPSG:4326,6655,5.27,2026-09-02T11:00:25Z,fresh,2.26,True,True,False,inside_bbox
2220,10639981719,智慧城鄉空品微型感測器-10639981719,臺北市,,,,,,,25.105896,121.51449,EPSG:4326,6658,5.87,2026-09-02T11:00:40Z,fresh,2.01,True,True,False,inside_bbox
2221,10772820103,智慧城鄉空品微型感測器-10772820103,臺北市,,,,,,,25.105831,121.51447,EPSG:4326,6661,5.75,2026-09-02T11:00:17Z,fresh,2.4,True,True,False,inside_bbox
2223,13343585198,智慧城鄉空品微型感測器-13343585198,臺北市,北投區,特殊區(民眾陳情熱區),露天燃燒,,,,25.11301,121.50835,EPSG:4326,6667,5.29,2026-09-02T11:00:48Z,fresh,1.88,True,True,False,inside_bbox
2224,13343648706,智慧城鄉空品微型感測器-13343648706,臺北市,北投區,特殊區(民眾陳情熱區),營建混合物土資場,,,,25.117872,121.500015,EPSG:4326,6670,,,missing_observation,,True,False,False,inside_bbox
2225,13343814467,智慧城鄉空品微型感測器-13343814467,臺北市,北投區,特殊區(民眾陳情熱區),營建混合物土資場,,,,25.11476,121.50284,EPSG:4326,6673,,,missing_observation,,True,False,False,inside_bbox
2226,13343992001,智慧城鄉空品微型感測器-13343992001,臺北市,士林區,特殊區(民眾陳情熱區),社子島,,,,25.109526,121.47325,EPSG:4326,6676,5.61,2026-09-02T11:01:59Z,fresh,0.7,True,True,False,inside_bbox
2229,13344321298,智慧城鄉空品微型感測器-13344321298,臺北市,北投區,特殊區(民眾陳情熱區),營建混合物土資場,,,,25.11667,121.48895,EPSG:4326,6685,5.45,2026-09-02T11:00:27Z,fresh,2.23,True,True,False,inside_bbox
2231,13344691480,智慧城鄉空品微型感測器-13344691480,臺北市,士林區,特殊區(民眾陳情熱區),社子島,,,,25.10668,121.48649,EPSG:4326,6691,5.49,2026-09-02T11:01:15Z,fresh,1.43,True,True,False,inside_bbox
2233,13345038722,智慧城鄉空品微型感測器-13345038722,臺北市,士林區,特殊區(民眾陳情熱區),露天燃燒,,,,25.10339,121.49081,EPSG:4326,6697,6.92,2026-09-02T11:00:53Z,fresh,1.8,True,True,False,inside_bbox
2237,13345467633,智慧城鄉空品微型感測器-13345467633,臺北市,士林區,特殊區(民眾陳情熱區),營建混合物土資場,,,,25.10367,121.49334,EPSG:4326,6709,5.79,2026-09-02T11:00:23Z,fresh,2.3,True,True,False,inside_bbox
2240,13345886622,智慧城鄉空品微型感測器-13345886622,臺北市,士林區,特殊區(民眾陳情熱區),社子島,,,,25.11016,121.47905,EPSG:4326,6718,5.43,2026-09-02T11:02:00Z,fresh,0.68,True,True,False,inside_bbox
2245,13346475065,智慧城鄉空品微型感測器-13346475065,臺北市,士林區,特殊區(民眾陳情熱區),露天燃燒,,,,25.111855,121.484276,EPSG:4326,6733,5.13,2026-09-02T11:00:43Z,fresh,1.96,True,True,False,inside_bbox
2247,13346653749,智慧城鄉空品微型感測器-13346653749,臺北市,士林區,特殊區(民眾陳情熱區),營建混合物土資場,,,,25.103245,121.494804,EPSG:4326,6739,,,missing_observation,,True,False,False,inside_bbox
2249,13346979234,智慧城鄉空品微型感測器-13346979234,臺北市,士林區,特殊區(民眾陳情熱區),社子島,,,,25.10586,121.48281,EPSG:4326,6745,6.5,2026-09-02T11:01:05Z,fresh,1.6,True,True,False,inside_bbox
2250,13347071152,智慧城鄉空品微型感測器-13347071152,臺北市,士林區,特殊區(民眾陳情熱區),社子島,,,,25.107332,121.49341,EPSG:4326,6748,5.71,2026-09-02T11:00:14Z,fresh,2.45,True,True,False,inside_bbox
2252,13347275671,智慧城鄉空品微型感測器-13347275671,臺北市,北投區,特殊區(民眾陳情熱區),營建混合物土資場,,,,25.11505,121.50327,EPSG:4326,6754,,,missing_observation,,True,False,False,inside_bbox
2253,13347410536,智慧城鄉空品微型感測器-13347410536,臺北市,士林區,特殊區(民眾陳情熱區),社子島,,,,25.10708,121.47902,EPSG:4326,6757,5.24,2026-09-02T11:00:37Z,fresh,2.06,True,True,False,inside_bbox
2254,13347500203,智慧城鄉空品微型感測器-13347500203,臺北市,士林區,特殊區(民眾陳情熱區),營建混合物土資場,,,,25.0931,121.49757,EPSG:4326,6760,6.92,2026-09-02T11:00:46Z,fresh,1.91,True,True,False,inside_bbox
2256,13347846972,智慧城鄉空品微型感測器-13347846972,臺北市,士林區,特殊區(民眾陳情熱區),預拌場,,,,25.094051,121.49612,EPSG:4326,6766,5.29,2026-09-02T11:01:00Z,fresh,1.68,True,True,False,inside_bbox
2259,13348305148,智慧城鄉空品微型感測器-13348305148,臺北市,士林區,特殊區(民眾陳情熱區),社子島,,,,25.101412,121.48808,EPSG:4326,6775,5.14,2026-09-02T11:00:40Z,fresh,2.01,True,True,False,inside_bbox
2261,13348680525,智慧城鄉空品微型感測器-13348680525,臺北市,北投區,特殊區(民眾陳情熱區),露天燃燒,,,,25.11658,121.483345,EPSG:4326,6781,7.56,2026-09-02T11:00:16Z,fresh,2.41,True,True,False,inside_bbox
2264,13348969147,智慧城鄉空品微型感測器-13348969147,臺北市,士林區,特殊區(民眾陳情熱區),營建混合物土資場,,,,25.103155,121.49348,EPSG:4326,6790,,,missing_observation,,True,False,False,inside_bbox
2265,13349084372,智慧城鄉空品微型感測器-13349084372,臺北市,北投區,特殊區(民眾陳情熱區),營建混合物土資場,,,,25.116644,121.4856,EPSG:4326,6793,5.65,2026-09-02T11:00:57Z,fresh,1.73,True,True,False,inside_bbox
2271,13349746007,智慧城鄉空品微型感測器-13349746007,臺北市,北投區,特殊區(民眾陳情熱區),露天燃燒,,,,25.11604,121.49187,EPSG:4326,6811,5.03,2026-09-02T11:00:48Z,fresh,1.88,True,True,False,inside_bbox
2276,13350349882,智慧城鄉空品微型感測器-13350349882,臺北市,士林區,特殊區(民眾陳情熱區),營建混合物土資場,,,,25.09459,121.49647,EPSG:4326,6826,,,missing_observation,,True,False,False,inside_bbox
2278,13350798502,智慧城鄉空品微型感測器-13350798502,臺北市,北投區,特殊區(民眾陳情熱區),露天燃燒,,,,25.10414,121.50905,EPSG:4326,6832,6.92,2026-09-02T11:00:38Z,fresh,2.05,True,True,False,inside_bbox
2280,13350913104,智慧城鄉空品微型感測器-13350913104,臺北市,士林區,特殊區(民眾陳情熱區),社子島,,,,25.109426,121.49387,EPSG:4326,6838,5.44,2026-09-02T11:01:13Z,fresh,1.46,True,True,False,inside_bbox
2286,13351743220,智慧城鄉空品微型感測器-13351743220,臺北市,士林區,特殊區(民眾陳情熱區),預拌場,,,,25.094666,121.49712,EPSG:4326,6856,5.23,2026-09-02T11:00:52Z,fresh,1.81,True,True,False,inside_bbox
2288,13351920643,智慧城鄉空品微型感測器-13351920643,臺北市,士林區,特殊區(民眾陳情熱區),露天燃燒,,,,25.101946,121.48893,EPSG:4326,6862,6.06,2026-09-02T11:00:37Z,fresh,2.06,True,True,False,inside_bbox
2290,13352156242,智慧城鄉空品微型感測器-13352156242,臺北市,北投區,特殊區(民眾陳情熱區),營建混合物土資場,,,,25.11661,121.48751,EPSG:4326,6868,,,missing_observation,,True,False,False,inside_bbox
2293,13352412641,智慧城鄉空品微型感測器-13352412641,臺北市,北投區,特殊區(民眾陳情熱區),露天燃燒,,,,25.11372,121.50194,EPSG:4326,6877,,,missing_observation,,True,False,False,inside_bbox
2295,13352853949,智慧城鄉空品微型感測器-13352853949,臺北市,北投區,特殊區(民眾陳情熱區),營建混合物土資場,,,,25.113955,121.5017,EPSG:4326,6883,5.52,2026-09-02T11:00:18Z,fresh,2.38,True,True,False,inside_bbox
2296,13352949542,智慧城鄉空品微型感測器-13352949542,臺北市,北投區,特殊區(民眾陳情熱區),露天燃燒,,,,25.1155,121.49394,EPSG:4326,6886,5.46,2026-09-02T11:02:00Z,fresh,0.68,True,True,False,inside_bbox
2306,13489507041,智慧城鄉空品微型感測器-13489507041,新北市,新莊區,鄰近工業區社區,西盛工業區,,,,25.02774,121.435005,EPSG:4326,6916,5.84,2026-09-02T11:02:17Z,fresh,0.4,True,True,False,inside_bbox
2309,13489882723,智慧城鄉空品微型感測器-13489882723,新北市,新莊區,交通區,學區周邊,,,,25.024729,121.42368,EPSG:4326,6925,5.62,2026-09-02T11:01:05Z,fresh,1.6,True,True,False,inside_bbox
2310,13489956968,智慧城鄉空品微型感測器-13489956968,新北市,林口區,工業區,林口工業區,,,,25.07569,121.40426,EPSG:4326,6928,6.23,2026-09-02T11:00:30Z,fresh,2.18,True,True,False,inside_bbox
2312,13490121419,智慧城鄉空品微型感測器-13490121419,新北市,樹林區,工業區,樹林工業區,,,,25.002268,121.421616,EPSG:4326,6934,5.91,2026-09-02T11:02:28Z,fresh,0.21,True,True,False,inside_bbox
2313,13490223827,智慧城鄉空品微型感測器-13490223827,新北市,五股區,工業區,新北產業園區,,,,25.070621,121.45467,EPSG:4326,6937,6.19,2026-09-02T11:00:06Z,fresh,2.58,True,True,False,inside_bbox
2316,13490531894,智慧城鄉空品微型感測器-13490531894,新北市,中和區,工業區,中和遠東工業園區,,,,25.001205,121.48616,EPSG:4326,6946,6.03,2026-09-02T11:00:44Z,fresh,1.95,True,True,False,inside_bbox
2317,13490618285,智慧城鄉空品微型感測器-13490618285,新北市,樹林區,工業區,樹林工業區,,,,25.001299,121.41953,EPSG:4326,6949,6.45,2026-09-02T11:00:32Z,fresh,2.15,True,True,False,inside_bbox
2319,13490875206,智慧城鄉空品微型感測器-13490875206,新北市,板橋區,特殊區(民眾陳情熱區),板橋區陳情熱區,,,,25.019709,121.465996,EPSG:4326,6955,5.56,2026-09-02T11:01:22Z,fresh,1.31,True,True,False,inside_bbox
2326,13491429224,智慧城鄉空品微型感測器-13491429224,新北市,林口區,工業區,林口工業區,,,,25.08201,121.40307,EPSG:4326,6976,6.8,2026-09-02T11:00:57Z,fresh,1.73,True,True,False,inside_bbox
2327,13491563067,智慧城鄉空品微型感測器-13491563067,新北市,五股區,一般社區,五股區社區,,,,25.10281,121.44865,EPSG:4326,6979,7.21,2026-09-02T11:00:49Z,fresh,1.86,True,True,False,inside_bbox
2332,13492007882,智慧城鄉空品微型感測器-13492007882,新北市,蘆洲區,交通區,103縣道,,,,25.084764,121.47422,EPSG:4326,6994,6.27,2026-09-02T11:00:38Z,fresh,2.05,True,True,False,inside_bbox
2334,13492278304,智慧城鄉空品微型感測器-13492278304,新北市,板橋區,特殊區(民眾陳情熱區),板橋區陳情熱區,,,,25.019522,121.44954,EPSG:4326,7000,5.77,2026-09-02T11:01:53Z,fresh,0.8,True,True,False,inside_bbox
2335,13492328143,智慧城鄉空品微型感測器-13492328143,新北市,新莊區,鄰近工業區社區,西盛工業區,,,,25.028332,121.433174,EPSG:4326,7003,5.65,2026-09-02T11:02:29Z,fresh,0.2,True,True,False,inside_bbox
2338,13492698181,智慧城鄉空品微型感測器-13492698181,新北市,樹林區,工業區,樹林工業區,,,,25.00228,121.41869,EPSG:4326,7012,6.91,2026-09-02T11:01:00Z,fresh,1.68,True,True,False,inside_bbox
2339,13492752544,智慧城鄉空品微型感測器-13492752544,新北市,中和區,工業區,中和遠東工業園區,,,,25.003658,121.48717,EPSG:4326,7015,5.66,2026-09-02T11:02:27Z,fresh,0.23,True,True,False,inside_bbox
2344,13493216643,智慧城鄉空品微型感測器-13493216643,新北市,樹林區,工業區,樹林工業區,,,,25.002396,121.42005,EPSG:4326,7030,6.4,2026-09-02T11:00:34Z,fresh,2.11,True,True,False,inside_bbox
2352,13494003996,智慧城鄉空品微型感測器-13494003996,新北市,林口區,工業區,林口工業區,,,,25.07879,121.40179,EPSG:4326,7054,6.48,2026-09-02T11:00:24Z,fresh,2.28,True,True,False,inside_bbox
2353,13494193646,智慧城鄉空品微型感測器-13494193646,新北市,泰山區,一般社區,塭仔圳市地重劃區,,,,25.053633,121.43343,EPSG:4326,7057,5.66,2026-09-02T11:01:03Z,fresh,1.63,True,True,False,inside_bbox
2354,13494235389,智慧城鄉空品微型感測器-13494235389,新北市,五股區,工業區,新北產業園區,,,,25.071072,121.45581,EPSG:4326,7060,6.87,2026-09-02T11:00:10Z,fresh,2.51,True,True,False,inside_bbox
2357,13494573373,智慧城鄉空品微型感測器-13494573373,新北市,三重區,一般社區,關注目標：餐飲油煙,,,,25.065023,121.499016,EPSG:4326,7069,7.01,2026-09-02T11:00:06Z,fresh,2.58,True,True,False,inside_bbox
2358,13494624332,智慧城鄉空品微型感測器-13494624332,新北市,樹林區,工業區,樹林工業區,,,,25.001532,121.420586,EPSG:4326,7072,7.02,2026-09-02T11:00:42Z,fresh,1.98,True,True,False,inside_bbox
2359,13494759664,智慧城鄉空品微型感測器-13494759664,新北市,新莊區,工業區,新北產業園區,,,,25.06366,121.45567,EPSG:4326,7075,7.12,2026-09-02T11:01:07Z,fresh,1.56,True,True,False,inside_bbox
2360,13494816426,智慧城鄉空品微型感測器-13494816426,新北市,板橋區,交通區,114縣道,,,,25.021069,121.48298,EPSG:4326,7078,7.07,2026-09-02T11:00:34Z,fresh,2.11,True,True,False,inside_bbox
2361,13494972067,智慧城鄉空品微型感測器-13494972067,新北市,新莊區,鄰近工業區社區,輔大工商城,,,,25.037659,121.43398,EPSG:4326,7081,6.28,2026-09-02T11:00:50Z,fresh,1.85,True,True,False,inside_bbox
2363,13495156866,智慧城鄉空品微型感測器-13495156866,新北市,五股區,工業區,新北產業園區,,,,25.068237,121.44706,EPSG:4326,7087,6.87,2026-09-02T11:00:40Z,fresh,2.01,True,True,False,inside_bbox
2367,13495585097,智慧城鄉空品微型感測器-13495585097,新北市,五股區,鄰近工業區社區,新北產業園區,,,,25.071766,121.45626,EPSG:4326,7099,6.73,2026-09-02T11:00:11Z,fresh,2.5,True,True,False,inside_bbox
2368,13495692420,智慧城鄉空品微型感測器-13495692420,新北市,林口區,工業區,林口工業區,,,,25.0823,121.40278,EPSG:4326,7102,7.95,2026-09-02T11:00:18Z,fresh,2.38,True,True,False,inside_bbox
2369,13495747169,智慧城鄉空品微型感測器-13495747169,新北市,林口區,鄰近工業區社區,林口工業區,,,,25.08646,121.40308,EPSG:4326,7105,6.55,2026-09-02T11:00:12Z,fresh,2.48,True,True,False,inside_bbox
2372,13496029670,智慧城鄉空品微型感測器-13496029670,新北市,五股區,一般社區,五股區社區,,,,25.102581,121.44527,EPSG:4326,7114,6.45,2026-09-02T11:00:59Z,fresh,1.7,True,True,False,inside_bbox
2374,13496201525,智慧城鄉空品微型感測器-13496201525,新北市,板橋區,交通區,台3線,,,,25.034649,121.476585,EPSG:4326,7120,6.11,2026-09-02T11:00:47Z,fresh,1.9,True,True,False,inside_bbox
2376,13496463250,智慧城鄉空品微型感測器-13496463250,新北市,五股區,工業區,新北產業園區,,,,25.06891,121.45587,EPSG:4326,7126,5.89,2026-09-02T11:00:40Z,fresh,2.01,True,True,False,inside_bbox
2378,13496685813,智慧城鄉空品微型感測器-13496685813,新北市,樹林區,鄰近工業區社區,樹林工業區,,,,25.015625,121.41351,EPSG:4326,7132,5.75,2026-09-02T11:02:35Z,fresh,0.1,True,True,False,inside_bbox
2379,13496733169,智慧城鄉空品微型感測器-13496733169,新北市,三重區,交通區,台1線,,,,25.061422,121.48662,EPSG:4326,7135,6.76,2026-09-02T11:00:12Z,fresh,2.48,True,True,False,inside_bbox
2380,13496878033,智慧城鄉空品微型感測器-13496878033,新北市,五股區,一般社區,五股區社區,,,,25.071743,121.420715,EPSG:4326,7138,7.08,2026-09-02T11:00:28Z,fresh,2.21,True,True,False,inside_bbox
2389,13497618461,智慧城鄉空品微型感測器-13497618461,新北市,三重區,一般社區,仁義重劃區,,,,25.078802,121.498634,EPSG:4326,7165,5.82,2026-09-02T11:01:53Z,fresh,0.8,True,True,False,inside_bbox
2393,13498035231,智慧城鄉空品微型感測器-13498035231,新北市,新莊區,工業區,新北產業園區,,,,25.065228,121.45548,EPSG:4326,7177,5.62,2026-09-02T11:00:43Z,fresh,1.96,True,True,False,inside_bbox
2394,13498156265,智慧城鄉空品微型感測器-13498156265,新北市,板橋區,交通區,板橋區車流熱區,,,,25.01866,121.47147,EPSG:4326,7180,6.01,2026-09-02T11:00:53Z,fresh,1.8,True,True,False,inside_bbox
2395,13498216758,智慧城鄉空品微型感測器-13498216758,新北市,樹林區,鄰近工業區社區,樹林工業區,,,,25.015411,121.423325,EPSG:4326,7183,5.82,2026-09-02T11:02:28Z,fresh,0.21,True,True,False,inside_bbox
2398,13498550629,智慧城鄉空品微型感測器-13498550629,新北市,新莊區,鄰近工業區社區,湯城工業園區,,,,25.042013,121.46438,EPSG:4326,7192,5.55,2026-09-02T11:02:19Z,fresh,0.36,True,True,False,inside_bbox
2399,13498679231,智慧城鄉空品微型感測器-13498679231,新北市,新莊區,工業區,新北產業園區,,,,25.06362,121.45432,EPSG:4326,7195,6.34,2026-09-02T11:01:08Z,fresh,1.55,True,True,False,inside_bbox
2400,13498713383,智慧城鄉空品微型感測器-13498713383,新北市,新莊區,鄰近工業區社區,湯城工業園區,,,,25.047314,121.46555,EPSG:4326,7198,5.7,2026-09-02T11:02:42Z,future_timestamp,-0.02,True,True,True,inside_bbox
2405,13499210039,智慧城鄉空品微型感測器-13499210039,新北市,五股區,工業區,新北產業園區,,,,25.062634,121.4498,EPSG:4326,7213,7.15,2026-09-02T11:00:44Z,fresh,1.95,True,True,False,inside_bbox
2408,13499540858,智慧城鄉空品微型感測器-13499540858,新北市,新莊區,鄰近工業區社區,西盛工業區,,,,25.027678,121.43038,EPSG:4326,7222,7.12,2026-09-02T11:00:18Z,fresh,2.38,True,True,False,inside_bbox
2413,13500049053,智慧城鄉空品微型感測器-13500049053,新北市,樹林區,工業區,樹林工業區,,,,25.00262,121.42119,EPSG:4326,7237,5.94,2026-09-02T11:00:35Z,fresh,2.1,True,True,False,inside_bbox
2415,13500257663,智慧城鄉空品微型感測器-13500257663,新北市,五股區,一般社區,五股區社區,,,,25.07047,121.42358,EPSG:4326,7243,6.09,2026-09-02T11:00:54Z,fresh,1.78,True,True,False,inside_bbox
2417,13500472727,智慧城鄉空品微型感測器-13500472727,新北市,樹林區,工業區,樹林工業區,,,,25.001356,121.41703,EPSG:4326,7249,8.19,2026-09-02T11:00:22Z,fresh,2.31,True,True,False,inside_bbox
2418,13500536619,智慧城鄉空品微型感測器-13500536619,新北市,中和區,工業區,中和遠東工業園區,,,,25.003185,121.4861,EPSG:4326,7252,6.17,2026-09-02T11:01:00Z,fresh,1.68,True,True,False,inside_bbox
2419,13500663364,智慧城鄉空品微型感測器-13500663364,新北市,樹林區,工業區,樹林工業區,,,,25.00331,121.42076,EPSG:4326,7255,6.02,2026-09-02T11:00:15Z,fresh,2.43,True,True,False,inside_bbox
2423,13501025782,智慧城鄉空品微型感測器-13501025782,新北市,五股區,工業區,新北產業園區,,,,25.067184,121.45303,EPSG:4326,7267,6.15,2026-09-02T11:00:58Z,fresh,1.71,True,True,False,inside_bbox
2426,13501344665,智慧城鄉空品微型感測器-13501344665,新北市,泰山區,鄰近工業區社區,新北產業園區,,,,25.063265,121.446205,EPSG:4326,7276,6.44,2026-09-02T11:00:26Z,fresh,2.25,True,True,False,inside_bbox
2427,13501416944,智慧城鄉空品微型感測器-13501416944,新北市,五股區,工業區,新北產業園區,,,,25.06937,121.4506,EPSG:4326,7279,5.93,2026-09-02T11:00:50Z,fresh,1.85,True,True,False,inside_bbox
2430,13501779045,智慧城鄉空品微型感測器-13501779045,新北市,林口區,工業區,林口工業區,,,,25.07776,121.40082,EPSG:4326,7288,7.07,2026-09-02T11:00:04Z,fresh,2.61,True,True,False,inside_bbox
2431,13501874309,智慧城鄉空品微型感測器-13501874309,新北市,中和區,工業區,中和遠東工業園區,,,,25.00868,121.48749,EPSG:4326,7291,,,missing_observation,,True,False,False,inside_bbox
2434,13502147662,智慧城鄉空品微型感測器-13502147662,新北市,樹林區,工業區,樹林工業區,,,,25.002808,121.41965,EPSG:4326,7300,6.14,2026-09-02T11:00:26Z,fresh,2.25,True,True,False,inside_bbox
2436,13502359642,智慧城鄉空品微型感測器-13502359642,新北市,中和區,鄰近工業區社區,中和遠東工業園區,,,,25.006912,121.48977,EPSG:4326,7306,5.76,2026-09-02T11:00:49Z,fresh,1.86,True,True,False,inside_bbox
2438,13502549802,智慧城鄉空品微型感測器-13502549802,新北市,中和區,工業區,中和遠東工業園區,,,,25.000181,121.490135,EPSG:4326,7312,6.23,2026-09-02T11:00:17Z,fresh,2.4,True,True,False,inside_bbox
2439,13502679125,智慧城鄉空品微型感測器-13502679125,新北市,板橋區,交通區,關注目標：板橋空品維護區,,,,25.012695,121.46282,EPSG:4326,7315,5.77,2026-09-02T11:02:17Z,fresh,0.4,True,True,False,inside_bbox
2440,13502709784,智慧城鄉空品微型感測器-13502709784,新北市,五股區,工業區,新北產業園區,,,,25.06604,121.45235,EPSG:4326,7318,6.31,2026-09-02T11:00:24Z,fresh,2.28,True,True,False,inside_bbox
2445,13503297512,智慧城鄉空品微型感測器-13503297512,新北市,林口區,鄰近工業區社區,林口工業區,,,,25.076128,121.40239,EPSG:4326,7333,6.38,2026-09-02T11:00:25Z,fresh,2.26,True,True,False,inside_bbox
2446,13503355509,智慧城鄉空品微型感測器-13503355509,新北市,五股區,工業區,新北產業園區,,,,25.06447,121.44981,EPSG:4326,7336,5.76,2026-09-02T11:02:09Z,fresh,0.53,True,True,False,inside_bbox
2452,13503917411,智慧城鄉空品微型感測器-13503917411,新北市,樹林區,鄰近工業區社區,樹林工業區,,,,25.013317,121.424255,EPSG:4326,7354,5.91,2026-09-02T11:00:53Z,fresh,1.8,True,True,False,inside_bbox
2453,13504037681,智慧城鄉空品微型感測器-13504037681,新北市,新莊區,工業區,新北產業園區,,,,25.063135,121.454735,EPSG:4326,7357,6.7,2026-09-02T11:01:04Z,fresh,1.61,True,True,False,inside_bbox
2454,13504182498,智慧城鄉空品微型感測器-13504182498,新北市,板橋區,一般社區,江翠北側重劃區,,,,25.032894,121.464264,EPSG:4326,7360,5.6,2026-09-02T11:01:46Z,fresh,0.91,True,True,False,inside_bbox
2455,13504267496,智慧城鄉空品微型感測器-13504267496,新北市,新莊區,交通區,台1甲,,,,25.035305,121.44864,EPSG:4326,7363,5.91,2026-09-02T11:01:14Z,fresh,1.45,True,True,False,inside_bbox
2458,13504547028,智慧城鄉空品微型感測器-13504547028,新北市,蘆洲區,交通區,103縣道,,,,25.08084,121.47934,EPSG:4326,7372,6.97,2026-09-02T11:00:34Z,fresh,2.11,True,True,False,inside_bbox
2459,13504689003,智慧城鄉空品微型感測器-13504689003,新北市,板橋區,一般社區,江翠北側重劃區,,,,25.035149,121.46839,EPSG:4326,7375,5.71,2026-09-02T11:01:58Z,fresh,0.71,True,True,False,inside_bbox
2461,13504811160,智慧城鄉空品微型感測器-13504811160,新北市,三重區,交通區,三重區車流熱區,,,,25.05768,121.49032,EPSG:4326,7381,5.88,2026-09-02T11:00:07Z,fresh,2.56,True,True,False,inside_bbox
2465,13505296884,智慧城鄉空品微型感測器-13505296884,新北市,三重區,一般社區,重陽重劃區,,,,25.089039,121.48538,EPSG:4326,7393,7.33,2026-09-02T11:02:39Z,fresh,0.03,True,True,False,inside_bbox
2467,13505459549,智慧城鄉空品微型感測器-13505459549,新北市,五股區,工業區,新北產業園區,,,,25.06066,121.45127,EPSG:4326,7399,5.66,2026-09-02T11:01:01Z,fresh,1.66,True,True,False,inside_bbox
2469,13505655390,智慧城鄉空品微型感測器-13505655390,新北市,板橋區,交通區,板橋空品維護區,,,,25.007353,121.46172,EPSG:4326,7405,6.26,2026-09-02T11:00:10Z,fresh,2.51,True,True,False,inside_bbox
2475,13506235175,智慧城鄉空品微型感測器-13506235175,新北市,林口區,工業區,林口工業區,,,,25.08107,121.40196,EPSG:4326,7423,,,missing_observation,,True,False,False,inside_bbox
2478,13506573167,智慧城鄉空品微型感測器-13506573167,新北市,五股區,工業區,新北產業園區,,,,25.065302,121.45134,EPSG:4326,7432,6.26,2026-09-02T10:56:30Z,fresh,6.18,True,True,False,inside_bbox
2479,13506690396,智慧城鄉空品微型感測器-13506690396,新北市,板橋區,交通區,114縣道,,,,25.019,121.47977,EPSG:4326,7435,5.87,2026-09-02T10:56:38Z,fresh,6.05,True,True,False,inside_bbox
2480,13506753685,智慧城鄉空品微型感測器-13506753685,新北市,新莊區,交通區,台1甲,,,,25.032595,121.4345,EPSG:4326,7438,6.17,2026-09-02T10:56:58Z,fresh,5.71,True,True,False,inside_bbox
2483,13507074112,智慧城鄉空品微型感測器-13507074112,新北市,板橋區,交通區,板橋區車流熱區,,,,25.01222,121.46696,EPSG:4326,7447,5.82,2026-09-02T10:56:22Z,fresh,6.31,True,True,False,inside_bbox
2487,13507416209,智慧城鄉空品微型感測器-13507416209,新北市,中和區,鄰近工業區社區,中和遠東工業園區,,,,25.007309,121.49272,EPSG:4326,7459,5.78,2026-09-02T10:58:04Z,fresh,4.61,True,True,False,inside_bbox
2489,13507656711,智慧城鄉空品微型感測器-13507656711,新北市,樹林區,鄰近工業區社區,樹林工業區,,,,25.015453,121.41591,EPSG:4326,7465,7.01,2026-09-02T10:56:13Z,fresh,6.46,True,True,False,inside_bbox
2490,13507748787,智慧城鄉空品微型感測器-13507748787,新北市,樹林區,工業區,樹林工業區,,,,25.000898,121.41967,EPSG:4326,7468,5.9,2026-09-02T10:57:07Z,fresh,5.56,True,True,False,inside_bbox
2492,13507968202,智慧城鄉空品微型感測器-13507968202,新北市,五股區,工業區,新北產業園區,,,,25.064228,121.45086,EPSG:4326,7474,6.61,2026-09-02T10:56:28Z,fresh,6.21,True,True,False,inside_bbox
2493,13508044480,智慧城鄉空品微型感測器-13508044480,新北市,五股區,工業區,新北產業園區,,,,25.067577,121.455696,EPSG:4326,7477,6.55,2026-09-02T10:56:28Z,fresh,6.21,True,True,False,inside_bbox
2501,13508888679,智慧城鄉空品微型感測器-13508888679,新北市,林口區,工業區,林口工業區,,,,25.07839,121.40051,EPSG:4326,7501,6.13,2026-09-02T10:57:34Z,fresh,5.11,True,True,False,inside_bbox
2502,13508965164,智慧城鄉空品微型感測器-13508965164,新北市,五股區,一般社區,五股區社區,,,,25.069721,121.423874,EPSG:4326,7504,6.42,2026-09-02T10:56:30Z,fresh,6.18,True,True,False,inside_bbox
2504,13509159493,智慧城鄉空品微型感測器-13509159493,新北市,板橋區,一般社區,江翠北側重劃區,,,,25.035427,121.47302,EPSG:4326,7510,5.53,2026-09-02T10:56:47Z,fresh,5.9,True,True,False,inside_bbox
2505,13509265659,智慧城鄉空品微型感測器-13509265659,新北市,板橋區,交通區,台64,,,,25.022615,121.46802,EPSG:4326,7513,7.1,2026-09-02T10:56:06Z,fresh,6.58,True,True,False,inside_bbox
2506,13509317876,智慧城鄉空品微型感測器-13509317876,新北市,中和區,交通區,景區周邊,,,,25.000362,121.47267,EPSG:4326,7516,5.76,2026-09-02T10:58:18Z,fresh,4.38,True,True,False,inside_bbox
2507,13509419527,智慧城鄉空品微型感測器-13509419527,新北市,五股區,工業區,新北產業園區,,,,25.068684,121.45689,EPSG:4326,7519,6.43,2026-09-02T10:56:18Z,fresh,6.38,True,True,False,inside_bbox
2511,13509808706,智慧城鄉空品微型感測器-13509808706,新北市,林口區,工業區,林口工業區,,,,25.07931,121.401,EPSG:4326,7531,6.57,2026-09-02T10:56:41Z,fresh,6.0,True,True,False,inside_bbox
2514,13510110828,智慧城鄉空品微型感測器-13510110828,新北市,新莊區,交通區,學區周邊,,,,25.020906,121.417694,EPSG:4326,7540,5.71,2026-09-02T10:58:13Z,fresh,4.46,True,True,False,inside_bbox
2515,13510223567,智慧城鄉空品微型感測器-13510223567,新北市,板橋區,交通區,關注目標：板橋空品維護區,,,,25.015177,121.46561,EPSG:4326,7543,6.39,2026-09-02T10:56:10Z,fresh,6.51,True,True,False,inside_bbox
2516,13510348811,智慧城鄉空品微型感測器-13510348811,新北市,林口區,工業區,林口工業區,,,,25.07568,121.40033,EPSG:4326,7546,6.86,2026-09-02T10:56:16Z,fresh,6.41,True,True,False,inside_bbox
2517,13510460508,智慧城鄉空品微型感測器-13510460508,新北市,五股區,輔助區(無測站區),中小型工廠,,,,25.08834,121.41563,EPSG:4326,7549,5.76,2026-09-02T10:58:16Z,fresh,4.41,True,True,False,inside_bbox
2518,13510506170,智慧城鄉空品微型感測器-13510506170,新北市,林口區,工業區,林口工業區,,,,25.0845,121.40092,EPSG:4326,7552,6.52,2026-09-02T10:56:37Z,fresh,6.06,True,True,False,inside_bbox
2523,13511010772,智慧城鄉空品微型感測器-13511010772,新北市,三重區,工業區,頂崁工業區,,,,25.053846,121.47214,EPSG:4326,7567,5.64,2026-09-02T10:58:04Z,fresh,4.61,True,True,False,inside_bbox
2525,13511279357,智慧城鄉空品微型感測器-13511279357,新北市,三重區,工業區,頂崁工業區,,,,25.055277,121.46895,EPSG:4326,7573,5.75,2026-09-02T10:57:55Z,fresh,4.76,True,True,False,inside_bbox
2526,13511326999,智慧城鄉空品微型感測器-13511326999,新北市,中和區,鄰近工業區社區,中和遠東工業園區,,,,25.011847,121.48374,EPSG:4326,7576,5.89,2026-09-02T10:57:44Z,fresh,4.95,True,True,False,inside_bbox
2534,13512145795,智慧城鄉空品微型感測器-13512145795,新北市,五股區,工業區,新北產業園區,,,,25.071487,121.453926,EPSG:4326,7600,6.37,2026-09-02T10:56:51Z,fresh,5.83,True,True,False,inside_bbox
2535,13512253389,智慧城鄉空品微型感測器-13512253389,新北市,中和區,交通區,106縣道,,,,25.006348,121.47294,EPSG:4326,7603,7.03,2026-09-02T10:56:17Z,fresh,6.4,True,True,False,inside_bbox
2541,13512870464,智慧城鄉空品微型感測器-13512870464,新北市,樹林區,工業區,樹林工業區,,,,25.000864,121.41821,EPSG:4326,7621,6.78,2026-09-02T10:56:51Z,fresh,5.83,True,True,False,inside_bbox
2548,13513513987,智慧城鄉空品微型感測器-13513513987,新北市,五股區,工業區,新北產業園區,,,,25.065548,121.45104,EPSG:4326,7642,5.96,2026-09-02T10:56:34Z,fresh,6.11,True,True,False,inside_bbox
2551,13513816632,智慧城鄉空品微型感測器-13513816632,新北市,中和區,鄰近工業區社區,中和遠東工業園區,,,,25.009949,121.48531,EPSG:4326,7651,6.38,2026-09-02T10:56:26Z,fresh,6.25,True,True,False,inside_bbox
2552,13513944443,智慧城鄉空品微型感測器-13513944443,新北市,新莊區,交通區,學區周邊,,,,25.017878,121.42657,EPSG:4326,7654,6.07,2026-09-02T10:57:14Z,fresh,5.45,True,True,False,inside_bbox
2555,13514239297,智慧城鄉空品微型感測器-13514239297,新北市,中和區,一般社區,關注目標：台灣松下電器,,,,25.007217,121.4797,EPSG:4326,7663,6.3,2026-09-02T10:57:00Z,fresh,5.68,True,True,False,inside_bbox
2556,13514365581,智慧城鄉空品微型感測器-13514365581,新北市,五股區,鄰近工業區社區,新北產業園區,,,,25.071587,121.46734,EPSG:4326,7666,7.01,2026-09-02T10:57:06Z,fresh,5.58,True,True,False,inside_bbox
2561,13514896578,智慧城鄉空品微型感測器-13514896578,新北市,樹林區,鄰近工業區社區,樹林工業區,,,,25.001545,121.415535,EPSG:4326,7681,6.49,2026-09-02T10:56:05Z,fresh,6.6,True,True,False,inside_bbox
2567,13515450298,智慧城鄉空品微型感測器-13515450298,新北市,中和區,工業區,中和遠東工業園區,,,,25.00971,121.48379,EPSG:4326,7699,,,missing_observation,,True,False,False,inside_bbox
2570,13515662967,智慧城鄉空品微型感測器-13515662967,新北市,五股區,工業區,新北產業園區,,,,25.0702,121.44956,EPSG:4326,7708,6.32,2026-09-02T10:56:52Z,fresh,5.81,True,True,False,inside_bbox
2573,13515969015,智慧城鄉空品微型感測器-13515969015,新北市,三重區,工業區,頂崁工業區,,,,25.059559,121.47217,EPSG:4326,7717,5.67,2026-09-02T10:57:33Z,fresh,5.13,True,True,False,inside_bbox
2581,13516752171,智慧城鄉空品微型感測器-13516752171,新北市,五股區,工業區,新北產業園區,,,,25.063877,121.449265,EPSG:4326,7741,6.29,2026-09-02T10:56:29Z,fresh,6.2,True,True,False,inside_bbox
2585,13517101171,智慧城鄉空品微型感測器-13517101171,新北市,樹林區,工業區,樹林工業區,,,,25.00256,121.422195,EPSG:4326,7753,6.32,2026-09-02T10:56:26Z,fresh,6.25,True,True,False,inside_bbox
2588,13517439522,智慧城鄉空品微型感測器-13517439522,新北市,林口區,工業區,南亞工業區,,,,25.045015,121.405945,EPSG:4326,7762,6.33,2026-09-02T10:57:52Z,fresh,4.81,True,True,False,inside_bbox
2592,13517877288,智慧城鄉空品微型感測器-13517877288,新北市,五股區,工業區,新北產業園區,,,,25.066994,121.44719,EPSG:4326,7774,6.31,2026-09-02T10:57:07Z,fresh,5.56,True,True,False,inside_bbox
2598,13518465775,智慧城鄉空品微型感測器-13518465775,新北市,五股區,工業區,新北產業園區,,,,25.063229,121.44722,EPSG:4326,7792,5.9,2026-09-02T10:56:34Z,fresh,6.11,True,True,False,inside_bbox
2600,13518634299,智慧城鄉空品微型感測器-13518634299,新北市,板橋區,交通區,106縣道,,,,25.010784,121.462654,EPSG:4326,7798,5.88,2026-09-02T10:56:35Z,fresh,6.1,True,True,False,inside_bbox
2602,13518867952,智慧城鄉空品微型感測器-13518867952,新北市,板橋區,交通區,板橋區車流熱區,,,,25.01422,121.46132,EPSG:4326,7804,6.37,2026-09-02T10:56:36Z,fresh,6.08,True,True,False,inside_bbox
2604,13519093228,智慧城鄉空品微型感測器-13519093228,新北市,中和區,交通區,106縣道,,,,25.004414,121.486176,EPSG:4326,7810,6.18,2026-09-02T10:56:04Z,fresh,6.61,True,True,False,inside_bbox
2605,13519166704,智慧城鄉空品微型感測器-13519166704,新北市,新莊區,鄰近工業區社區,西盛工業區,,,,25.025438,121.43488,EPSG:4326,7813,5.78,2026-09-02T10:56:29Z,fresh,6.2,True,True,False,inside_bbox
2606,13519230763,智慧城鄉空品微型感測器-13519230763,新北市,五股區,一般社區,垃圾山,,,,25.073011,121.45126,EPSG:4326,7816,6.32,2026-09-02T10:56:14Z,fresh,6.45,True,True,False,inside_bbox
2608,13519459044,智慧城鄉空品微型感測器-13519459044,新北市,樹林區,特殊區(敏感族群聚集區),樹林區社區,,,,25.00589,121.41277,EPSG:4326,7822,6.29,2026-09-02T10:56:05Z,fresh,6.6,True,True,False,inside_bbox
2611,13519754946,智慧城鄉空品微型感測器-13519754946,新北市,中和區,工業區,中和遠東工業園區,,,,25.000166,121.487076,EPSG:4326,7831,6.15,2026-09-02T10:56:35Z,fresh,6.1,True,True,False,inside_bbox
2613,13519904083,智慧城鄉空品微型感測器-13519904083,新北市,林口區,工業區,林口工業區,,,,25.08007,121.40127,EPSG:4326,7837,6.7,2026-09-02T10:56:51Z,fresh,5.83,True,True,False,inside_bbox
2615,13520193583,智慧城鄉空品微型感測器-13520193583,新北市,樹林區,工業區,樹林工業區,,,,25.001217,121.41983,EPSG:4326,7843,6.43,2026-09-02T10:56:06Z,fresh,6.58,True,True,False,inside_bbox
2616,13520295148,智慧城鄉空品微型感測器-13520295148,新北市,中和區,工業區,中和遠東工業園區,,,,25.00222,121.48572,EPSG:4326,7846,6.21,2026-09-02T10:56:05Z,fresh,6.6,True,True,False,inside_bbox
2619,13520554282,智慧城鄉空品微型感測器-13520554282,新北市,五股區,一般社區,垃圾山,,,,25.079018,121.44742,EPSG:4326,7855,7.14,2026-09-02T10:57:03Z,fresh,5.63,True,True,False,inside_bbox
2624,13521019787,智慧城鄉空品微型感測器-13521019787,新北市,五股區,工業區,新北產業園區,,,,25.069857,121.45532,EPSG:4326,7870,6.24,2026-09-02T10:56:20Z,fresh,6.35,True,True,False,inside_bbox
2627,13521306761,智慧城鄉空品微型感測器-13521306761,新北市,三重區,交通區,台1甲,,,,25.047586,121.47557,EPSG:4326,7879,5.99,2026-09-02T10:56:16Z,fresh,6.41,True,True,False,inside_bbox
2628,13521404342,智慧城鄉空品微型感測器-13521404342,新北市,新莊區,交通區,台1線,,,,25.057194,121.44244,EPSG:4326,7882,6.09,2026-09-02T10:57:00Z,fresh,5.68,True,True,False,inside_bbox
2629,13521529537,智慧城鄉空品微型感測器-13521529537,新北市,中和區,工業區,中和遠東工業園區,,,,25.00119,121.487015,EPSG:4326,7885,5.9,2026-09-02T10:58:04Z,fresh,4.61,True,True,False,inside_bbox
2631,13521787324,智慧城鄉空品微型感測器-13521787324,新北市,三重區,鄰近工業區社區,頂崁工業區,,,,25.068098,121.47589,EPSG:4326,7891,7.31,2026-09-02T10:57:51Z,fresh,4.83,True,True,False,inside_bbox
2638,13522353912,智慧城鄉空品微型感測器-13522353912,新北市,三重區,工業區,頂崁工業區,,,,25.059954,121.46897,EPSG:4326,7912,5.75,2026-09-02T10:56:55Z,fresh,5.76,True,True,False,inside_bbox
2639,13522428991,智慧城鄉空品微型感測器-13522428991,新北市,樹林區,一般社區,關注目標：新北肉品市場,,,,25.01279,121.42023,EPSG:4326,7915,6.24,2026-09-02T10:56:17Z,fresh,6.4,True,True,False,inside_bbox
2640,13522545106,智慧城鄉空品微型感測器-13522545106,新北市,中和區,工業區,中和遠東工業園區,,,,25.002222,121.48657,EPSG:4326,7918,6.02,2026-09-02T10:56:52Z,fresh,5.81,True,True,False,inside_bbox
2642,13522710890,智慧城鄉空品微型感測器-13522710890,新北市,蘆洲區,鄰近工業區社區,新北產業園區,,,,25.094397,121.46873,EPSG:4326,7924,5.95,2026-09-02T10:58:15Z,fresh,4.43,True,True,False,inside_bbox
2648,13523336549,智慧城鄉空品微型感測器-13523336549,新北市,五股區,工業區,新北產業園區,,,,25.067108,121.44617,EPSG:4326,7942,6.16,2026-09-02T10:56:03Z,fresh,6.63,True,True,False,inside_bbox
2649,13523441704,智慧城鄉空品微型感測器-13523441704,新北市,林口區,工業區,林口工業區,,,,25.08274,121.40201,EPSG:4326,7945,1.66,2026-09-02T10:56:33Z,fresh,6.13,True,True,False,inside_bbox
2651,13523639570,智慧城鄉空品微型感測器-13523639570,新北市,五股區,工業區,新北產業園區,,,,25.067383,121.44883,EPSG:4326,7951,6.29,2026-09-02T10:56:41Z,fresh,6.0,True,True,False,inside_bbox
2652,13523779768,智慧城鄉空品微型感測器-13523779768,新北市,中和區,交通區,台64,,,,25.004656,121.4845,EPSG:4326,7954,5.88,2026-09-02T10:56:19Z,fresh,6.36,True,True,False,inside_bbox
2662,13524751846,智慧城鄉空品微型感測器-13524751846,新北市,五股區,工業區,新北產業園區,,,,25.06438,121.44816,EPSG:4326,7984,5.94,2026-09-02T10:56:19Z,fresh,6.36,True,True,False,inside_bbox
2663,13524877872,智慧城鄉空品微型感測器-13524877872,新北市,蘆洲區,鄰近工業區社區,新北產業園區,,,,25.094248,121.46283,EPSG:4326,7987,5.83,2026-09-02T10:58:25Z,fresh,4.26,True,True,False,inside_bbox
2664,13524947975,智慧城鄉空品微型感測器-13524947975,新北市,五股區,鄰近工業區社區,新北產業園區,,,,25.07421,121.46308,EPSG:4326,7990,7.02,2026-09-02T10:56:56Z,fresh,5.75,True,True,False,inside_bbox
2668,13525358962,智慧城鄉空品微型感測器-13525358962,新北市,泰山區,交通區,台1線,,,,25.032257,121.42124,EPSG:4326,8002,6.12,2026-09-02T10:56:06Z,fresh,6.58,True,True,False,inside_bbox
2671,13525683188,智慧城鄉空品微型感測器-13525683188,新北市,中和區,交通區,台64,,,,25.000067,121.48523,EPSG:4326,8011,7.4,2026-09-02T10:56:42Z,fresh,5.98,True,True,False,inside_bbox
2673,13525883195,智慧城鄉空品微型感測器-13525883195,新北市,板橋區,交通區,景區周邊,,,,25.009584,121.45783,EPSG:4326,8017,5.8,2026-09-02T10:57:17Z,fresh,5.4,True,True,False,inside_bbox
2677,13526203061,智慧城鄉空品微型感測器-13526203061,新北市,新莊區,交通區,台一線,,,,25.027552,121.412346,EPSG:4326,8029,5.56,2026-09-02T10:57:38Z,fresh,5.05,True,True,False,inside_bbox
2683,13526870470,智慧城鄉空品微型感測器-13526870470,新北市,樹林區,工業區,樹林工業區,,,,25.000498,121.419174,EPSG:4326,8047,6.32,2026-09-02T10:56:55Z,fresh,5.76,True,True,False,inside_bbox
2687,13527234551,智慧城鄉空品微型感測器-13527234551,新北市,五股區,工業區,新北產業園區,,,,25.065708,121.4473,EPSG:4326,8059,6.91,2026-09-02T10:56:43Z,fresh,5.96,True,True,False,inside_bbox
2688,13527397110,智慧城鄉空品微型感測器-13527397110,新北市,板橋區,特殊區(民眾陳情熱區),板橋區陳情熱區,,,,25.029358,121.46276,EPSG:4326,8062,5.5,2026-09-02T10:57:05Z,fresh,5.6,True,True,False,inside_bbox
2689,13527412668,智慧城鄉空品微型感測器-13527412668,新北市,五股區,一般社區,五股區社區,,,,25.066713,121.43555,EPSG:4326,8065,7.24,2026-09-02T10:56:27Z,fresh,6.23,True,True,False,inside_bbox
2690,13527595401,智慧城鄉空品微型感測器-13527595401,新北市,林口區,工業區,林口工業區,,,,25.078,121.40259,EPSG:4326,8068,6.58,2026-09-02T10:56:24Z,fresh,6.28,True,True,False,inside_bbox
2693,13527810296,智慧城鄉空品微型感測器-13527810296,新北市,三重區,交通區,台1甲,,,,25.063826,121.502304,EPSG:4326,8077,6.68,2026-09-02T10:56:28Z,fresh,6.21,True,True,False,inside_bbox
2695,13528009468,智慧城鄉空品微型感測器-13528009468,新北市,板橋區,交通區,板橋空品維護區,,,,25.017502,121.464264,EPSG:4326,8083,6.0,2026-09-02T10:57:04Z,fresh,5.61,True,True,False,inside_bbox
2697,13528210892,智慧城鄉空品微型感測器-13528210892,新北市,五股區,工業區,新北產業園區,,,,25.066246,121.451225,EPSG:4326,8089,8.78,2026-09-02T10:56:14Z,fresh,6.45,True,True,False,inside_bbox
2701,13528679209,智慧城鄉空品微型感測器-13528679209,新北市,新莊區,交通區,新莊區車流熱區,,,,25.03958,121.4462,EPSG:4326,8101,6.26,2026-09-02T10:56:50Z,fresh,5.85,True,True,False,inside_bbox
2702,13528753753,智慧城鄉空品微型感測器-13528753753,新北市,中和區,交通區,106縣道,,,,25.00591,121.48017,EPSG:4326,8104,19.07,2026-09-02T10:56:41Z,fresh,6.0,True,True,False,inside_bbox
2703,13528809284,智慧城鄉空品微型感測器-13528809284,新北市,板橋區,一般社區,江翠北側重劃區,,,,25.036493,121.4753,EPSG:4326,8107,,,missing_observation,,True,False,False,inside_bbox
2707,13529241645,智慧城鄉空品微型感測器-13529241645,新北市,五股區,工業區,新北產業園區,,,,25.068253,121.44945,EPSG:4326,8119,7.21,2026-09-02T10:56:23Z,fresh,6.3,True,True,False,inside_bbox
2708,13529329180,智慧城鄉空品微型感測器-13529329180,新北市,五股區,工業區,新北產業園區,,,,25.068106,121.46013,EPSG:4326,8122,6.93,2026-09-02T10:58:07Z,fresh,4.56,True,True,False,inside_bbox
2709,13529446529,智慧城鄉空品微型感測器-13529446529,新北市,五股區,工業區,新北產業園區,,,,25.069368,121.45826,EPSG:4326,8125,5.85,2026-09-02T10:56:18Z,fresh,6.38,True,True,False,inside_bbox
2710,13529572895,智慧城鄉空品微型感測器-13529572895,新北市,三重區,特殊區(敏感族群聚集區),林口國民中小學,,,,25.071358,121.496124,EPSG:4326,8128,6.78,2026-09-02T10:56:17Z,fresh,6.4,True,True,False,inside_bbox
2714,13529970859,智慧城鄉空品微型感測器-13529970859,新北市,樹林區,鄰近工業區社區,樹林工業區,,,,25.006174,121.42703,EPSG:4326,8140,5.91,2026-09-02T10:58:22Z,fresh,4.31,True,True,False,inside_bbox
2719,13530445133,智慧城鄉空品微型感測器-13530445133,新北市,五股區,一般社區,垃圾山,,,,25.07895,121.438354,EPSG:4326,8155,6.21,2026-09-02T10:56:12Z,fresh,6.48,True,True,False,inside_bbox
2720,13530506136,智慧城鄉空品微型感測器-13530506136,新北市,中和區,工業區,中和遠東工業園區,,,,25.002323,121.48801,EPSG:4326,8158,6.16,2026-09-02T10:56:29Z,fresh,6.2,True,True,False,inside_bbox
2721,13530642543,智慧城鄉空品微型感測器-13530642543,新北市,五股區,工業區,新北產業園區,,,,25.067844,121.447876,EPSG:4326,8161,6.3,2026-09-02T10:56:53Z,fresh,5.8,True,True,False,inside_bbox
2724,13530920018,智慧城鄉空品微型感測器-13530920018,新北市,三重區,鄰近工業區社區,頂崁工業區,,,,25.068233,121.47101,EPSG:4326,8170,6.93,2026-09-02T10:57:57Z,fresh,4.73,True,True,False,inside_bbox
2727,13531294924,智慧城鄉空品微型感測器-13531294924,新北市,蘆洲區,鄰近工業區社區,新北產業園區,,,,25.094603,121.479996,EPSG:4326,8179,5.78,2026-09-02T10:58:21Z,fresh,4.33,True,True,False,inside_bbox
2728,13531395725,智慧城鄉空品微型感測器-13531395725,新北市,板橋區,一般社區,江翠北側重劃區,,,,25.03667,121.477295,EPSG:4326,8182,6.39,2026-09-02T10:56:36Z,fresh,6.08,True,True,False,inside_bbox
2729,13531471472,智慧城鄉空品微型感測器-13531471472,新北市,三重區,工業區,頂崁工業區,,,,25.052704,121.468925,EPSG:4326,8185,6.67,2026-09-02T10:57:53Z,fresh,4.8,True,True,False,inside_bbox
2731,13531616016,智慧城鄉空品微型感測器-13531616016,新北市,新莊區,交通區,107縣道,,,,25.011972,121.43278,EPSG:4326,8191,5.8,2026-09-02T10:56:39Z,fresh,6.03,True,True,False,inside_bbox
2740,13532538032,智慧城鄉空品微型感測器-13532538032,新北市,板橋區,一般社區,江翠北側重劃區,,,,25.03421,121.47098,EPSG:4326,8218,5.8,2026-09-02T10:56:34Z,fresh,6.11,True,True,False,inside_bbox
2743,13532887155,智慧城鄉空品微型感測器-13532887155,新北市,中和區,交通區,台64,,,,25.01114,121.478935,EPSG:4326,8227,6.1,2026-09-02T10:56:26Z,fresh,6.25,True,True,False,inside_bbox
2745,13533076289,智慧城鄉空品微型感測器-13533076289,新北市,五股區,工業區,新北產業園區,,,,25.06733,121.45067,EPSG:4326,8233,7.21,2026-09-02T10:56:04Z,fresh,6.61,True,True,False,inside_bbox
2746,13533103696,智慧城鄉空品微型感測器-13533103696,新北市,蘆洲區,交通區,關注目標：聲音照相,,,,25.090813,121.45973,EPSG:4326,8236,,,missing_observation,,True,False,False,inside_bbox
2748,13533316454,智慧城鄉空品微型感測器-13533316454,新北市,蘆洲區,一般社區,蘆洲區社區,,,,25.083187,121.460815,EPSG:4326,8242,5.89,2026-09-02T10:56:49Z,fresh,5.86,True,True,False,inside_bbox
2749,13533468734,智慧城鄉空品微型感測器-13533468734,新北市,五股區,工業區,新北產業園區,,,,25.071148,121.45206,EPSG:4326,8245,6.16,2026-09-02T10:56:52Z,fresh,5.81,True,True,False,inside_bbox
2752,13533742587,智慧城鄉空品微型感測器-13533742587,新北市,三重區,工業區,頂崁工業區,,,,25.05601,121.47078,EPSG:4326,8254,6.42,2026-09-02T10:56:58Z,fresh,5.71,True,True,False,inside_bbox
2753,13533831760,智慧城鄉空品微型感測器-13533831760,新北市,五股區,工業區,新北產業園區,,,,25.069532,121.4544,EPSG:4326,8257,7.13,2026-09-02T10:56:26Z,fresh,6.25,True,True,False,inside_bbox
2754,13533937610,智慧城鄉空品微型感測器-13533937610,新北市,板橋區,特殊區(民眾陳情熱區),板橋區陳情熱區,,,,25.018644,121.46762,EPSG:4326,8260,5.92,2026-09-02T10:58:12Z,fresh,4.48,True,True,False,inside_bbox
2755,13534034927,智慧城鄉空品微型感測器-13534034927,新北市,五股區,一般社區,垃圾山,,,,25.073132,121.4417,EPSG:4326,8263,7.05,2026-09-02T10:56:30Z,fresh,6.18,True,True,False,inside_bbox
2756,13534158612,智慧城鄉空品微型感測器-13534158612,新北市,中和區,鄰近工業區社區,中和遠東工業園區,,,,25.010956,121.484344,EPSG:4326,8266,6.07,2026-09-02T10:58:07Z,fresh,4.56,True,True,False,inside_bbox
2757,13534269404,智慧城鄉空品微型感測器-13534269404,新北市,三重區,交通區,104縣道,,,,25.070286,121.49689,EPSG:4326,8269,6.64,2026-09-02T10:56:05Z,fresh,6.6,True,True,False,inside_bbox
2762,13534793037,智慧城鄉空品微型感測器-13534793037,新北市,五股區,工業區,新北產業園區,,,,25.065962,121.44615,EPSG:4326,8284,7.3,2026-09-02T10:56:17Z,fresh,6.4,True,True,False,inside_bbox
2767,13535242619,智慧城鄉空品微型感測器-13535242619,新北市,蘆洲區,鄰近工業區社區,新北產業園區,,,,25.089153,121.47843,EPSG:4326,8299,5.72,2026-09-02T10:58:17Z,fresh,4.4,True,True,False,inside_bbox
2768,13535329823,智慧城鄉空品微型感測器-13535329823,新北市,林口區,工業區,林口工業區,,,,25.08356,121.40066,EPSG:4326,8302,6.69,2026-09-02T10:56:23Z,fresh,6.3,True,True,False,inside_bbox
2769,13535403686,智慧城鄉空品微型感測器-13535403686,新北市,五股區,一般社區,垃圾山,,,,25.084436,121.44792,EPSG:4326,8305,6.12,2026-09-02T10:56:38Z,fresh,6.05,True,True,False,inside_bbox
2771,13535627114,智慧城鄉空品微型感測器-13535627114,新北市,板橋區,交通區,景區周邊,,,,25.00777,121.45669,EPSG:4326,8311,5.55,2026-09-02T10:58:18Z,fresh,4.38,True,True,False,inside_bbox
2776,13536139851,智慧城鄉空品微型感測器-13536139851,新北市,樹林區,鄰近工業區社區,樹林工業區,,,,25.010334,121.424614,EPSG:4326,8326,5.87,2026-09-02T10:57:45Z,fresh,4.93,True,True,False,inside_bbox
2777,13536276568,智慧城鄉空品微型感測器-13536276568,新北市,新莊區,一般社區,關注目標：華新麗華,,,,25.01725,121.43621,EPSG:4326,8329,6.37,2026-09-02T10:57:02Z,fresh,5.65,True,True,False,inside_bbox
2779,13536429183,智慧城鄉空品微型感測器-13536429183,新北市,五股區,工業區,新北產業園區,,,,25.06585,121.45217,EPSG:4326,8335,6.03,2026-09-02T10:57:00Z,fresh,5.68,True,True,False,inside_bbox
2780,13536591605,智慧城鄉空品微型感測器-13536591605,新北市,五股區,工業區,新北產業園區,,,,25.067652,121.45251,EPSG:4326,8338,7.23,2026-09-02T10:56:55Z,fresh,5.76,True,True,False,inside_bbox
2781,13536665225,智慧城鄉空品微型感測器-13536665225,新北市,五股區,一般社區,五股區社區,,,,25.06671,121.4352,EPSG:4326,8341,6.62,2026-09-02T10:56:12Z,fresh,6.48,True,True,False,inside_bbox
2786,13537192774,智慧城鄉空品微型感測器-13537192774,新北市,林口區,工業區,林口工業區,,,,25.077051,121.40166,EPSG:4326,8356,6.63,2026-09-02T10:56:49Z,fresh,5.86,True,True,False,inside_bbox
2790,13537561498,智慧城鄉空品微型感測器-13537561498,新北市,樹林區,鄰近工業區社區,樹林工業區,,,,25.004349,121.429665,EPSG:4326,8368,6.94,2026-09-02T10:56:30Z,fresh,6.18,True,True,False,inside_bbox
2791,13537620937,智慧城鄉空品微型感測器-13537620937,新北市,林口區,工業區,林口工業區,,,,25.08115,121.40067,EPSG:4326,8371,6.93,2026-09-02T10:57:04Z,fresh,5.61,True,True,False,inside_bbox
2794,13537956715,智慧城鄉空品微型感測器-13537956715,新北市,林口區,工業區,林口工業區,,,,25.08112,121.40316,EPSG:4326,8380,6.74,2026-09-02T10:56:57Z,fresh,5.73,True,True,False,inside_bbox
2798,13538347705,智慧城鄉空品微型感測器-13538347705,新北市,五股區,工業區,新北產業園區,,,,25.07001,121.457115,EPSG:4326,8392,6.32,2026-09-02T10:57:02Z,fresh,5.65,True,True,False,inside_bbox
2799,13538468453,智慧城鄉空品微型感測器-13538468453,新北市,五股區,工業區,新北產業園區,,,,25.064047,121.45276,EPSG:4326,8395,6.29,2026-09-02T10:56:16Z,fresh,6.41,True,True,False,inside_bbox
2802,13538791788,智慧城鄉空品微型感測器-13538791788,新北市,林口區,工業區,林口工業區,,,,25.0772,121.40029,EPSG:4326,8404,6.55,2026-09-02T10:56:24Z,fresh,6.28,True,True,False,inside_bbox
2805,13539058055,智慧城鄉空品微型感測器-13539058055,新北市,新莊區,交通區,台1甲,,,,25.038681,121.46003,EPSG:4326,8413,7.02,2026-09-02T10:56:30Z,fresh,6.18,True,True,False,inside_bbox
2807,13539238129,智慧城鄉空品微型感測器-13539238129,新北市,樹林區,工業區,樹林工業區,,,,25.001602,121.417725,EPSG:4326,8419,6.32,2026-09-02T10:56:23Z,fresh,6.3,True,True,False,inside_bbox
2809,13539466837,智慧城鄉空品微型感測器-13539466837,新北市,新莊區,交通區,快速道路,,,,25.02398,121.44207,EPSG:4326,8425,6.52,2026-09-02T10:56:37Z,fresh,6.06,True,True,False,inside_bbox
2812,13539752712,智慧城鄉空品微型感測器-13539752712,新北市,林口區,工業區,林口工業區,,,,25.08,121.40285,EPSG:4326,8434,6.86,2026-09-02T10:56:17Z,fresh,6.4,True,True,False,inside_bbox
2813,13539882697,智慧城鄉空品微型感測器-13539882697,新北市,泰山區,交通區,台1線,,,,25.040377,121.42965,EPSG:4326,8437,5.4,2026-09-02T10:57:29Z,fresh,5.2,True,True,False,inside_bbox
2814,13539909480,智慧城鄉空品微型感測器-13539909480,新北市,板橋區,交通區,114縣道,,,,25.01369,121.46928,EPSG:4326,8440,6.33,2026-09-02T10:56:24Z,fresh,6.28,True,True,False,inside_bbox
2816,13540185603,智慧城鄉空品微型感測器-13540185603,新北市,林口區,鄰近工業區社區,林口工業區,,,,25.093555,121.40444,EPSG:4326,8446,7.0,2026-09-02T10:56:38Z,fresh,6.05,True,True,False,inside_bbox
2818,13540309830,智慧城鄉空品微型感測器-13540309830,新北市,五股區,一般社區,五股區社區,,,,25.069798,121.427795,EPSG:4326,8452,6.46,2026-09-02T10:56:03Z,fresh,6.63,True,True,False,inside_bbox
2821,13540579020,智慧城鄉空品微型感測器-13540579020,新北市,五股區,工業區,新北產業園區,,,,25.067299,121.4461,EPSG:4326,8461,6.02,2026-09-02T10:55:18Z,fresh,7.38,True,True,False,inside_bbox
2823,13540769234,智慧城鄉空品微型感測器-13540769234,新北市,中和區,鄰近工業區社區,中和遠東工業園區,,,,25.005669,121.49076,EPSG:4326,8467,5.81,2026-09-02T10:57:47Z,fresh,4.9,True,True,False,inside_bbox
2826,13541087807,智慧城鄉空品微型感測器-13541087807,新北市,板橋區,一般社區,江翠北側重劃區,,,,25.03588,121.47052,EPSG:4326,8476,5.8,2026-09-02T10:57:52Z,fresh,4.81,True,True,False,inside_bbox
2827,13541114767,智慧城鄉空品微型感測器-13541114767,新北市,板橋區,交通區,台64,,,,25.015766,121.473015,EPSG:4326,8479,6.11,2026-09-02T10:56:43Z,fresh,5.96,True,True,False,inside_bbox
2829,13541399758,智慧城鄉空品微型感測器-13541399758,新北市,樹林區,一般社區,樹林區社區,,,,25.009277,121.423004,EPSG:4326,8485,6.48,2026-09-02T10:56:47Z,fresh,5.9,True,True,False,inside_bbox
2832,13541662779,智慧城鄉空品微型感測器-13541662779,新北市,板橋區,交通區,板橋區車流熱區,,,,25.00902,121.46464,EPSG:4326,8494,6.24,2026-09-02T10:56:07Z,fresh,6.56,True,True,False,inside_bbox
2833,13541751531,智慧城鄉空品微型感測器-13541751531,新北市,五股區,工業區,新北產業園區,,,,25.06973,121.45123,EPSG:4326,8497,6.37,2026-09-02T10:57:00Z,fresh,5.68,True,True,False,inside_bbox
2834,13541886253,智慧城鄉空品微型感測器-13541886253,新北市,三重區,工業區,頂崁工業區,,,,25.057158,121.46895,EPSG:4326,8500,6.58,2026-09-02T10:56:52Z,fresh,5.81,True,True,False,inside_bbox
2836,13542079298,智慧城鄉空品微型感測器-13542079298,新北市,新莊區,交通區,學區周邊,,,,25.025738,121.4144,EPSG:4326,8506,5.71,2026-09-02T10:57:35Z,fresh,5.1,True,True,False,inside_bbox
2837,13542194172,智慧城鄉空品微型感測器-13542194172,新北市,中和區,鄰近工業區社區,中和遠東工業園區,,,,25.010641,121.48324,EPSG:4326,8509,5.77,2026-09-02T10:57:34Z,fresh,5.11,True,True,False,inside_bbox
2841,13542526487,智慧城鄉空品微型感測器-13542526487,新北市,泰山區,一般社區,塭仔圳市地重劃區,,,,25.043201,121.43896,EPSG:4326,8521,5.93,2026-09-02T10:57:32Z,fresh,5.15,True,True,False,inside_bbox
2844,13542812685,智慧城鄉空品微型感測器-13542812685,新北市,板橋區,特殊區(敏感族群聚集區),臺藝大和華僑高中,,,,25.005812,121.44754,EPSG:4326,8530,5.8,2026-09-02T10:56:30Z,fresh,6.18,True,True,False,inside_bbox
2847,13543107461,智慧城鄉空品微型感測器-13543107461,新北市,五股區,輔助區(無測站區),廟宇周邊,,,,25.118326,121.430336,EPSG:4326,8539,5.81,2026-09-02T10:57:55Z,fresh,4.76,True,True,False,inside_bbox
2849,13543350241,智慧城鄉空品微型感測器-13543350241,新北市,三重區,工業區,頂崁工業區,,,,25.054935,121.47199,EPSG:4326,8545,5.72,2026-09-02T10:56:34Z,fresh,6.11,True,True,False,inside_bbox
2852,13543663599,智慧城鄉空品微型感測器-13543663599,新北市,五股區,特殊區(民眾陳情熱區),五股區陳情熱區,,,,25.088604,121.43156,EPSG:4326,8554,5.85,2026-09-02T10:56:49Z,fresh,5.86,True,True,False,inside_bbox
2855,13543925180,智慧城鄉空品微型感測器-13543925180,新北市,中和區,交通區,景區周邊,,,,25.003935,121.51281,EPSG:4326,8563,13.94,2026-09-02T10:56:27Z,fresh,6.23,True,True,False,inside_bbox
2858,13544235372,智慧城鄉空品微型感測器-13544235372,新北市,蘆洲區,特殊區(敏感族群聚集區),蘆洲區社區,,,,25.092884,121.46112,EPSG:4326,8572,5.99,2026-09-02T10:56:45Z,fresh,5.93,True,True,False,inside_bbox
2864,13544824467,智慧城鄉空品微型感測器-13544824467,新北市,永和區,特殊區(敏感族群聚集區),永和區社區,,,,25.010847,121.517685,EPSG:4326,8590,6.69,2026-09-02T10:56:30Z,fresh,6.18,True,True,False,inside_bbox
2865,13544947377,智慧城鄉空品微型感測器-13544947377,新北市,永和區,交通區,景區周邊,,,,25.012688,121.506546,EPSG:4326,8593,6.13,2026-09-02T10:56:34Z,fresh,6.11,True,True,False,inside_bbox
2866,13545023221,智慧城鄉空品微型感測器-13545023221,新北市,蘆洲區,交通區,景區周邊,,,,25.082945,121.47069,EPSG:4326,8596,5.88,2026-09-02T10:56:29Z,fresh,6.2,True,True,False,inside_bbox
2868,13545230882,智慧城鄉空品微型感測器-13545230882,新北市,板橋區,交通區,景區周邊,,,,25.008394,121.45302,EPSG:4326,8602,6.38,2026-09-02T10:56:36Z,fresh,6.08,True,True,False,inside_bbox
2874,13545893215,智慧城鄉空品微型感測器-13545893215,新北市,五股區,特殊區(民眾陳情熱區),五股區陳情熱區,,,,25.08945,121.4301,EPSG:4326,8620,6.39,2026-09-02T10:57:02Z,fresh,5.65,True,True,False,inside_bbox
2875,13545975392,智慧城鄉空品微型感測器-13545975392,新北市,五股區,特殊區(民眾陳情熱區),五股區陳情熱區,,,,25.087294,121.440575,EPSG:4326,8623,6.26,2026-09-02T10:56:27Z,fresh,6.23,True,True,False,inside_bbox
2876,13546055168,智慧城鄉空品微型感測器-13546055168,新北市,三重區,特殊區(敏感族群聚集區),三重區社區,,,,25.055304,121.49201,EPSG:4326,8626,5.84,2026-09-02T10:56:11Z,fresh,6.5,True,True,False,inside_bbox
2887,13547078474,智慧城鄉空品微型感測器-13547078474,新北市,五股區,特殊區(民眾陳情熱區),五股區陳情熱區,,,,25.085304,121.4417,EPSG:4326,8659,6.09,2026-09-02T10:56:31Z,fresh,6.16,True,True,False,inside_bbox
2888,13547179128,智慧城鄉空品微型感測器-13547179128,新北市,五股區,特殊區(民眾陳情熱區),五股區陳情熱區,,,,25.086102,121.4357,EPSG:4326,8662,6.94,2026-09-02T10:56:30Z,fresh,6.18,True,True,False,inside_bbox
2896,13547916804,智慧城鄉空品微型感測器-13547916804,新北市,五股區,特殊區(民眾陳情熱區),五股區陳情熱區,,,,25.085032,121.437935,EPSG:4326,8686,5.65,2026-09-02T10:57:48Z,fresh,4.88,True,True,False,inside_bbox
2897,13548033847,智慧城鄉空品微型感測器-13548033847,新北市,三重區,特殊區(敏感族群聚集區),三重區社區,,,,25.046642,121.46952,EPSG:4326,8689,6.45,2026-09-02T10:56:18Z,fresh,6.38,True,True,False,inside_bbox
2898,13548193904,智慧城鄉空品微型感測器-13548193904,新北市,五股區,特殊區(民眾陳情熱區),五股區陳情熱區,,,,25.09327,121.442154,EPSG:4326,8692,6.57,2026-09-02T10:56:25Z,fresh,6.26,True,True,False,inside_bbox
2899,13548256182,智慧城鄉空品微型感測器-13548256182,新北市,樹林區,特殊區(敏感族群聚集區),樹林區社區,,,,25.000313,121.42495,EPSG:4326,8695,7.01,2026-09-02T10:56:11Z,fresh,6.5,True,True,False,inside_bbox
2904,13548784557,智慧城鄉空品微型感測器-13548784557,新北市,板橋區,交通區,景區周邊,,,,25.00438,121.45446,EPSG:4326,8710,6.32,2026-09-02T10:56:45Z,fresh,5.93,True,True,False,inside_bbox
2908,13549150002,智慧城鄉空品微型感測器-13549150002,新北市,三重區,特殊區(敏感族群聚集區),三重區社區,,,,25.047491,121.469505,EPSG:4326,8722,5.88,2026-09-02T10:56:39Z,fresh,6.03,True,True,False,inside_bbox
2912,13549571535,智慧城鄉空品微型感測器-13549571535,新北市,蘆洲區,特殊區(敏感族群聚集區),蘆洲區社區,,,,25.084436,121.4697,EPSG:4326,8734,6.25,2026-09-02T10:56:08Z,fresh,6.55,True,True,False,inside_bbox
2920,13550389978,智慧城鄉空品微型感測器-13550389978,新北市,板橋區,特殊區(敏感族群聚集區),板橋區社區,,,,25.014635,121.45843,EPSG:4326,8758,6.16,2026-09-02T10:56:33Z,fresh,6.13,True,True,False,inside_bbox
2924,13550747326,智慧城鄉空品微型感測器-13550747326,新北市,板橋區,交通區,景區周邊,,,,25.00559,121.46402,EPSG:4326,8770,6.97,2026-09-02T10:56:16Z,fresh,6.41,True,True,False,inside_bbox
2925,13550840338,智慧城鄉空品微型感測器-13550840338,新北市,板橋區,特殊區(敏感族群聚集區),板橋區社區,,,,25.022337,121.4576,EPSG:4326,8773,8.07,2026-09-02T10:56:59Z,fresh,5.7,True,True,False,inside_bbox
2926,13550986456,智慧城鄉空品微型感測器-13550986456,新北市,中和區,交通區,景區周邊,,,,25.00365,121.51359,EPSG:4326,8776,6.73,2026-09-02T10:56:25Z,fresh,6.26,True,True,False,inside_bbox
2927,13551098067,智慧城鄉空品微型感測器-13551098067,新北市,永和區,交通區,景區周邊,,,,25.01122,121.50798,EPSG:4326,8779,6.47,2026-09-02T10:56:09Z,fresh,6.53,True,True,False,inside_bbox
2929,13551279578,智慧城鄉空品微型感測器-13551279578,新北市,板橋區,交通區,景區周邊,,,,25.002064,121.46095,EPSG:4326,8785,7.06,2026-09-02T10:56:29Z,fresh,6.2,True,True,False,inside_bbox
2933,13551634122,智慧城鄉空品微型感測器-13551634122,新北市,五股區,特殊區(民眾陳情熱區),五股區陳情熱區,,,,25.0871,121.44581,EPSG:4326,8797,6.84,2026-09-02T10:56:44Z,fresh,5.95,True,True,False,inside_bbox
2937,13552050057,智慧城鄉空品微型感測器-13552050057,新北市,新莊區,交通區,景區周邊,,,,25.045746,121.45382,EPSG:4326,8809,6.5,2026-09-02T10:56:24Z,fresh,6.28,True,True,False,inside_bbox
2950,13553323294,智慧城鄉空品微型感測器-13553323294,新北市,五股區,特殊區(民眾陳情熱區),五股區陳情熱區,,,,25.089178,121.43405,EPSG:4326,8848,6.64,2026-09-02T10:56:28Z,fresh,6.21,True,True,False,inside_bbox
2955,13553878224,智慧城鄉空品微型感測器-13553878224,新北市,新莊區,交通區,景區周邊,,,,25.033081,121.44958,EPSG:4326,8863,6.16,2026-09-02T10:56:37Z,fresh,6.06,True,True,False,inside_bbox
2958,13554158829,智慧城鄉空品微型感測器-13554158829,新北市,三重區,特殊區(敏感族群聚集區),三重區社區,,,,25.05672,121.48748,EPSG:4326,8872,6.78,2026-09-02T10:56:10Z,fresh,6.51,True,True,False,inside_bbox
2962,13554576466,智慧城鄉空品微型感測器-13554576466,新北市,新莊區,特殊區(敏感族群聚集區),新莊區社區,,,,25.03735,121.447556,EPSG:4326,8884,6.35,2026-09-02T10:56:23Z,fresh,6.3,True,True,False,inside_bbox
2965,13554800308,智慧城鄉空品微型感測器-13554800308,新北市,板橋區,特殊區(敏感族群聚集區),板橋區社區,,,,25.00025,121.452354,EPSG:4326,8893,1.66,2026-09-02T10:56:48Z,fresh,5.88,True,True,False,inside_bbox
2969,13555206771,智慧城鄉空品微型感測器-13555206771,新北市,板橋區,特殊區(敏感族群聚集區),板橋區社區,,,,25.023895,121.4553,EPSG:4326,8905,6.33,2026-09-02T10:56:38Z,fresh,6.05,True,True,False,inside_bbox
2976,13555903517,智慧城鄉空品微型感測器-13555903517,新北市,五股區,特殊區(民眾陳情熱區),五股區陳情熱區,,,,25.087324,121.44505,EPSG:4326,8926,6.56,2026-09-02T10:56:17Z,fresh,6.4,True,True,False,inside_bbox
2978,13556177347,智慧城鄉空品微型感測器-13556177347,新北市,泰山區,交通區,景區周邊,,,,25.060186,121.43212,EPSG:4326,8932,6.21,2026-09-02T10:56:58Z,fresh,5.71,True,True,False,inside_bbox
2979,13556258014,智慧城鄉空品微型感測器-13556258014,新北市,五股區,特殊區(民眾陳情熱區),五股區陳情熱區,,,,25.087166,121.433815,EPSG:4326,8935,5.8,2026-09-02T10:56:10Z,fresh,6.51,True,True,False,inside_bbox
2981,13556478672,智慧城鄉空品微型感測器-13556478672,新北市,板橋區,特殊區(敏感族群聚集區),板橋區社區,,,,25.0191,121.45544,EPSG:4326,8941,6.33,2026-09-02T10:56:45Z,fresh,5.93,True,True,False,inside_bbox
2982,13556592844,智慧城鄉空品微型感測器-13556592844,新北市,永和區,交通區,景區周邊,,,,25.007141,121.512085,EPSG:4326,8944,6.35,2026-09-02T10:56:05Z,fresh,6.6,True,True,False,inside_bbox
2988,13557100465,智慧城鄉空品微型感測器-13557100465,新北市,泰山區,一般社區,泰山區社區,,,,25.055601,121.43624,EPSG:4326,8962,5.92,2026-09-02T10:57:01Z,fresh,5.66,True,True,False,inside_bbox
3005,13558840767,智慧城鄉空品微型感測器-13558840767,新北市,五股區,特殊區(民眾陳情熱區),五股區陳情熱區,,,,25.088696,121.44628,EPSG:4326,9013,6.09,2026-09-02T10:56:27Z,fresh,6.23,True,True,False,inside_bbox
3007,13559015983,智慧城鄉空品微型感測器-13559015983,新北市,新莊區,特殊區(敏感族群聚集區),新莊區社區,,,,25.036566,121.44542,EPSG:4326,9019,6.18,2026-09-02T10:56:12Z,fresh,6.48,True,True,False,inside_bbox
3011,13559488098,智慧城鄉空品微型感測器-13559488098,新北市,新莊區,特殊區(敏感族群聚集區),新莊區社區,,,,25.044495,121.45792,EPSG:4326,9031,6.21,2026-09-02T10:56:42Z,fresh,5.98,True,True,False,inside_bbox
3013,13559624724,智慧城鄉空品微型感測器-13559624724,新北市,中和區,一般社區,工地：法務部調查局中和調查園區新建辦公大樓統包工程案,,,,25.00487,121.49822,EPSG:4326,9037,6.26,2026-09-02T10:56:39Z,fresh,6.03,True,True,False,inside_bbox
3014,13559725078,智慧城鄉空品微型感測器-13559725078,新北市,新莊區,特殊區(敏感族群聚集區),新莊區社區,,,,25.035835,121.44861,EPSG:4326,9040,5.97,2026-09-02T10:58:33Z,fresh,4.13,True,True,False,inside_bbox
3018,13560156309,智慧城鄉空品微型感測器-13560156309,新北市,板橋區,交通區,景區周邊,,,,25.006989,121.45641,EPSG:4326,9052,7.08,2026-09-02T10:56:12Z,fresh,6.48,True,True,False,inside_bbox
3019,13560289323,智慧城鄉空品微型感測器-13560289323,新北市,新莊區,交通區,景區周邊,,,,25.057304,121.45197,EPSG:4326,9055,6.09,2026-09-02T10:56:51Z,fresh,5.83,True,True,False,inside_bbox
3020,13560397901,智慧城鄉空品微型感測器-13560397901,新北市,永和區,特殊區(敏感族群聚集區),永和區社區,,,,25.01238,121.51934,EPSG:4326,9058,5.95,2026-09-02T10:56:51Z,fresh,5.83,True,True,False,inside_bbox
3021,13560492447,智慧城鄉空品微型感測器-13560492447,新北市,新莊區,特殊區(敏感族群聚集區),新莊區社區,,,,25.024233,121.41053,EPSG:4326,9061,5.94,2026-09-02T10:57:06Z,fresh,5.58,True,True,False,inside_bbox
3023,13560623546,智慧城鄉空品微型感測器-13560623546,新北市,三重區,交通區,景區周邊,,,,25.067303,121.50095,EPSG:4326,9067,7.81,2026-09-02T10:56:14Z,fresh,6.45,True,True,False,inside_bbox
3027,13561000447,智慧城鄉空品微型感測器-13561000447,新北市,新莊區,一般社區,新莊區社區,,,,25.029003,121.44671,EPSG:4326,9079,1.66,2026-09-02T10:56:38Z,fresh,6.05,True,True,False,inside_bbox
3028,13561189710,智慧城鄉空品微型感測器-13561189710,新北市,泰山區,交通區,景區周邊,,,,25.046194,121.42648,EPSG:4326,9082,6.31,2026-09-02T10:56:42Z,fresh,5.98,True,True,False,inside_bbox
3035,13561882609,智慧城鄉空品微型感測器-13561882609,新北市,新莊區,特殊區(敏感族群聚集區),新莊區社區,,,,25.039103,121.448265,EPSG:4326,9103,5.92,2026-09-02T10:56:23Z,fresh,6.3,True,True,False,inside_bbox
3036,13561965751,智慧城鄉空品微型感測器-13561965751,新北市,五股區,特殊區(民眾陳情熱區),五股區陳情熱區,,,,25.094025,121.4413,EPSG:4326,9106,6.33,2026-09-02T10:56:42Z,fresh,5.98,True,True,False,inside_bbox
3037,13562011191,智慧城鄉空品微型感測器-13562011191,新北市,三重區,特殊區(敏感族群聚集區),三重區社區,,,,25.04826,121.46956,EPSG:4326,9109,5.94,2026-09-02T10:56:09Z,fresh,6.53,True,True,False,inside_bbox
3040,13562320623,智慧城鄉空品微型感測器-13562320623,新北市,泰山區,特殊區(敏感族群聚集區),泰山區社區,,,,25.055859,121.43427,EPSG:4326,9118,5.95,2026-09-02T10:56:35Z,fresh,6.1,True,True,False,inside_bbox
3045,13562818903,智慧城鄉空品微型感測器-13562818903,新北市,板橋區,特殊區(敏感族群聚集區),板橋區社區,,,,25.011877,121.45577,EPSG:4326,9133,5.75,2026-09-02T10:58:00Z,fresh,4.68,True,True,False,inside_bbox
3046,13562926230,智慧城鄉空品微型感測器-13562926230,新北市,泰山區,交通區,景區周邊,,,,25.058586,121.43112,EPSG:4326,9136,5.9,2026-09-02T10:56:51Z,fresh,5.83,True,True,False,inside_bbox
3059,13564240495,智慧城鄉空品微型感測器-13564240495,新北市,板橋區,交通區,景區周邊,,,,25.006935,121.459076,EPSG:4326,9175,7.17,2026-09-02T10:56:38Z,fresh,6.05,True,True,False,inside_bbox
3061,13564468818,智慧城鄉空品微型感測器-13564468818,新北市,永和區,交通區,景區周邊,,,,25.009283,121.51053,EPSG:4326,9181,6.0,2026-09-02T10:57:00Z,fresh,5.68,True,True,False,inside_bbox
3062,13564582743,智慧城鄉空品微型感測器-13564582743,新北市,泰山區,交通區,景區周邊,,,,25.06285,121.433365,EPSG:4326,9184,5.74,2026-09-02T10:56:44Z,fresh,5.95,True,True,False,inside_bbox
3063,13564621417,智慧城鄉空品微型感測器-13564621417,新北市,五股區,特殊區(民眾陳情熱區),五股區陳情熱區,,,,25.111408,121.44591,EPSG:4326,9187,6.55,2026-09-02T10:56:40Z,fresh,6.01,True,True,False,inside_bbox
3065,13564820537,智慧城鄉空品微型感測器-13564820537,新北市,永和區,交通區,景區周邊,,,,25.00932,121.50504,EPSG:4326,9193,5.82,2026-09-02T10:58:01Z,fresh,4.66,True,True,False,inside_bbox
3067,13565029368,智慧城鄉空品微型感測器-13565029368,新北市,蘆洲區,交通區,景區周邊,,,,25.083878,121.473785,EPSG:4326,9199,5.77,2026-09-02T10:56:59Z,fresh,5.7,True,True,False,inside_bbox
3068,13565191899,智慧城鄉空品微型感測器-13565191899,新北市,永和區,特殊區(敏感族群聚集區),永和區社區,,,,25.011633,121.516655,EPSG:4326,9202,6.3,2026-09-02T10:56:21Z,fresh,6.33,True,True,False,inside_bbox
3080,13566313117,智慧城鄉空品微型感測器-13566313117,新北市,板橋區,交通區,景區周邊,,,,25.01127,121.456535,EPSG:4326,9238,6.28,2026-09-02T10:56:42Z,fresh,5.98,True,True,False,inside_bbox
3089,13567288012,智慧城鄉空品微型感測器-13567288012,新北市,新莊區,特殊區(敏感族群聚集區),新莊區社區,,,,25.022022,121.41245,EPSG:4326,9265,6.67,2026-09-02T10:56:43Z,fresh,5.96,True,True,False,inside_bbox
3090,13567390489,智慧城鄉空品微型感測器-13567390489,新北市,板橋區,特殊區(敏感族群聚集區),板橋區社區,,,,25.02409,121.46041,EPSG:4326,9268,6.03,2026-09-02T10:56:26Z,fresh,6.25,True,True,False,inside_bbox
3096,13567944999,智慧城鄉空品微型感測器-13567944999,新北市,蘆洲區,特殊區(敏感族群聚集區),蘆洲區社區,,,,25.091158,121.4627,EPSG:4326,9286,6.4,2026-09-02T10:56:13Z,fresh,6.46,True,True,False,inside_bbox
3099,13568223617,智慧城鄉空品微型感測器-13568223617,新北市,永和區,特殊區(敏感族群聚集區),永和區社區,,,,25.007215,121.516106,EPSG:4326,9295,6.17,2026-09-02T10:57:13Z,fresh,5.46,True,True,False,inside_bbox
3103,13568601422,智慧城鄉空品微型感測器-13568601422,新北市,三重區,特殊區(敏感族群聚集區),三重區社區,,,,25.064165,121.49543,EPSG:4326,9307,5.83,2026-09-02T10:56:49Z,fresh,5.86,True,True,False,inside_bbox
3109,13569293399,智慧城鄉空品微型感測器-13569293399,新北市,蘆洲區,交通區,景區周邊,,,,25.08209,121.47348,EPSG:4326,9325,5.79,2026-09-02T10:56:11Z,fresh,6.5,True,True,False,inside_bbox
3111,13569465967,智慧城鄉空品微型感測器-13569465967,新北市,新莊區,交通區,景區周邊,,,,25.050978,121.45328,EPSG:4326,9331,6.08,2026-09-02T10:57:07Z,fresh,5.56,True,True,False,inside_bbox
3112,13569518539,智慧城鄉空品微型感測器-13569518539,新北市,板橋區,交通區,板橋空品維護區,,,,25.01172,121.46949,EPSG:4326,9334,6.52,2026-09-02T10:56:18Z,fresh,6.38,True,True,False,inside_bbox
3114,13569793443,智慧城鄉空品微型感測器-13569793443,新北市,五股區,特殊區(民眾陳情熱區),五股區陳情熱區,,,,25.086653,121.44241,EPSG:4326,9340,1.66,2026-09-02T10:56:53Z,fresh,5.8,True,True,False,inside_bbox
3116,13569977259,智慧城鄉空品微型感測器-13569977259,新北市,五股區,特殊區(民眾陳情熱區),五股區陳情熱區,,,,25.088484,121.43426,EPSG:4326,9346,6.57,2026-09-02T10:56:08Z,fresh,6.55,True,True,False,inside_bbox
3117,13570012762,智慧城鄉空品微型感測器-13570012762,新北市,新莊區,特殊區(敏感族群聚集區),新莊區社區,,,,25.020996,121.41056,EPSG:4326,9349,6.86,2026-09-02T10:56:13Z,fresh,6.46,True,True,False,inside_bbox
3122,13570594327,智慧城鄉空品微型感測器-13570594327,新北市,五股區,特殊區(民眾陳情熱區),五股區陳情熱區,,,,25.0861,121.43957,EPSG:4326,9364,6.71,2026-09-02T10:56:45Z,fresh,5.93,True,True,False,inside_bbox
3123,13570681856,智慧城鄉空品微型感測器-13570681856,新北市,板橋區,特殊區(敏感族群聚集區),板橋區社區,,,,25.01764,121.457214,EPSG:4326,9367,5.86,2026-09-02T10:56:47Z,fresh,5.9,True,True,False,inside_bbox
3125,13570803898,智慧城鄉空品微型感測器-13570803898,新北市,板橋區,交通區,景區周邊,,,,25.00962,121.45579,EPSG:4326,9373,6.34,2026-09-02T10:57:02Z,fresh,5.65,True,True,False,inside_bbox
3126,13570922141,智慧城鄉空品微型感測器-13570922141,新北市,新莊區,特殊區(敏感族群聚集區),新莊區社區,,,,25.040747,121.45752,EPSG:4326,9376,5.81,2026-09-02T10:56:48Z,fresh,5.88,True,True,False,inside_bbox
3131,13571461263,智慧城鄉空品微型感測器-13571461263,新北市,泰山區,交通區,景區周邊,,,,25.043531,121.42491,EPSG:4326,9391,7.23,2026-09-02T10:57:08Z,fresh,5.55,True,True,False,inside_bbox
3132,13571590555,智慧城鄉空品微型感測器-13571590555,新北市,板橋區,交通區,景區周邊,,,,25.006987,121.45354,EPSG:4326,9394,6.99,2026-09-02T10:56:47Z,fresh,5.9,True,True,False,inside_bbox
3141,13572428189,智慧城鄉空品微型感測器-13572428189,新北市,蘆洲區,特殊區(敏感族群聚集區),蘆洲區社區,,,,25.088387,121.461945,EPSG:4326,9421,5.93,2026-09-02T10:56:52Z,fresh,5.81,True,True,False,inside_bbox
3142,13572526135,智慧城鄉空品微型感測器-13572526135,新北市,新莊區,特殊區(敏感族群聚集區),新莊區社區,,,,25.031668,121.44322,EPSG:4326,9424,5.9,2026-09-02T10:56:36Z,fresh,6.08,True,True,False,inside_bbox
3144,13572725328,智慧城鄉空品微型感測器-13572725328,新北市,五股區,特殊區(民眾陳情熱區),五股區陳情熱區,,,,25.107088,121.446625,EPSG:4326,9430,1.92,2026-09-02T10:56:22Z,fresh,6.31,True,True,False,inside_bbox
3146,13572977287,智慧城鄉空品微型感測器-13572977287,新北市,板橋區,特殊區(敏感族群聚集區),板橋區社區,,,,25.014723,121.456764,EPSG:4326,9436,6.09,2026-09-02T10:56:20Z,fresh,6.35,True,True,False,inside_bbox
3147,13573043193,智慧城鄉空品微型感測器-13573043193,新北市,五股區,特殊區(民眾陳情熱區),五股區陳情熱區,,,,25.089924,121.43314,EPSG:4326,9439,6.5,2026-09-02T10:56:31Z,fresh,6.16,True,True,False,inside_bbox
3148,13573169494,智慧城鄉空品微型感測器-13573169494,新北市,五股區,特殊區(民眾陳情熱區),五股區陳情熱區,,,,25.083996,121.44275,EPSG:4326,9442,6.41,2026-09-02T10:56:05Z,fresh,6.6,True,True,False,inside_bbox
3150,13573307828,智慧城鄉空品微型感測器-13573307828,新北市,五股區,特殊區(民眾陳情熱區),五股區陳情熱區,,,,25.092192,121.44162,EPSG:4326,9448,6.31,2026-09-02T10:57:04Z,fresh,5.61,True,True,False,inside_bbox
3151,13573456449,智慧城鄉空品微型感測器-13573456449,新北市,板橋區,特殊區(敏感族群聚集區),板橋區社區,,,,25.010937,121.458664,EPSG:4326,9451,6.4,2026-09-02T10:56:26Z,fresh,6.25,True,True,False,inside_bbox
3152,13573580531,智慧城鄉空品微型感測器-13573580531,新北市,三重區,交通區,景區周邊,,,,25.063526,121.4997,EPSG:4326,9454,7.08,2026-09-02T10:56:33Z,fresh,6.13,True,True,False,inside_bbox
3160,13574378105,智慧城鄉空品微型感測器-13574378105,新北市,樹林區,一般社區,樹林區社區,,,,25.007126,121.42077,EPSG:4326,9478,6.37,2026-09-02T10:56:17Z,fresh,6.4,True,True,False,inside_bbox
3166,13574994315,智慧城鄉空品微型感測器-13574994315,新北市,三重區,特殊區(敏感族群聚集區),三重區社區,,,,25.07063,121.49465,EPSG:4326,9496,5.99,2026-09-02T10:56:48Z,fresh,5.88,True,True,False,inside_bbox
3168,13575159058,智慧城鄉空品微型感測器-13575159058,新北市,五股區,特殊區(民眾陳情熱區),五股區陳情熱區,,,,25.107157,121.44718,EPSG:4326,9502,6.47,2026-09-02T10:56:31Z,fresh,6.16,True,True,False,inside_bbox
3170,13575334494,智慧城鄉空品微型感測器-13575334494,新北市,永和區,交通區,景區周邊,,,,25.008675,121.51383,EPSG:4326,9508,6.2,2026-09-02T10:56:13Z,fresh,6.46,True,True,False,inside_bbox
3171,13575430892,智慧城鄉空品微型感測器-13575430892,新北市,三重區,特殊區(敏感族群聚集區),三重區社區,,,,25.069593,121.49165,EPSG:4326,9511,7.09,2026-09-02T10:56:21Z,fresh,6.33,True,True,False,inside_bbox
3172,13575581810,智慧城鄉空品微型感測器-13575581810,新北市,新莊區,特殊區(敏感族群聚集區),新莊區社區,,,,25.04189,121.45275,EPSG:4326,9514,7.29,2026-09-02T10:56:09Z,fresh,6.53,True,True,False,inside_bbox
3174,13575747709,智慧城鄉空品微型感測器-13575747709,新北市,泰山區,交通區,景區周邊,,,,25.051085,121.42752,EPSG:4326,9520,5.91,2026-09-02T10:57:05Z,fresh,5.6,True,True,False,inside_bbox
3178,13576117756,智慧城鄉空品微型感測器-13576117756,新北市,板橋區,特殊區(敏感族群聚集區),板橋區社區,,,,25.016783,121.455444,EPSG:4326,9532,7.89,2026-09-02T10:56:52Z,fresh,5.81,True,True,False,inside_bbox
3181,13576451234,智慧城鄉空品微型感測器-13576451234,新北市,新莊區,特殊區(敏感族群聚集區),新莊區社區,,,,25.042124,121.459755,EPSG:4326,9541,,,missing_observation,,True,False,False,inside_bbox
3185,13576876515,智慧城鄉空品微型感測器-13576876515,新北市,板橋區,交通區,景區周邊,,,,25.010773,121.45385,EPSG:4326,9553,6.14,2026-09-02T10:56:54Z,fresh,5.78,True,True,False,inside_bbox
3189,13577211902,智慧城鄉空品微型感測器-13577211902,新北市,五股區,特殊區(民眾陳情熱區),五股區陳情熱區,,,,25.083738,121.440895,EPSG:4326,9565,5.95,2026-09-02T10:56:35Z,fresh,6.1,True,True,False,inside_bbox
3195,13577813711,智慧城鄉空品微型感測器-13577813711,新北市,樹林區,特殊區(敏感族群聚集區),樹林區社區,,,,25.00447,121.422386,EPSG:4326,9583,1.66,2026-09-02T10:56:17Z,fresh,6.4,True,True,False,inside_bbox
3199,13578272583,智慧城鄉空品微型感測器-13578272583,新北市,五股區,特殊區(民眾陳情熱區),五股區陳情熱區,,,,25.08982,121.43328,EPSG:4326,9595,6.5,2026-09-02T10:56:41Z,fresh,6.0,True,True,False,inside_bbox
3208,13579104299,智慧城鄉空品微型感測器-13579104299,新北市,新莊區,交通區,景區周邊,,,,25.03308,121.45162,EPSG:4326,9622,6.38,2026-09-02T10:56:39Z,fresh,6.03,True,True,False,inside_bbox
3214,13579789809,智慧城鄉空品微型感測器-13579789809,新北市,新莊區,特殊區(敏感族群聚集區),新莊區社區,,,,25.042719,121.44832,EPSG:4326,9640,5.84,2026-09-02T10:57:09Z,fresh,5.53,True,True,False,inside_bbox
3216,13579979361,智慧城鄉空品微型感測器-13579979361,新北市,新莊區,交通區,景區周邊,,,,25.034214,121.45295,EPSG:4326,9646,5.89,2026-09-02T10:56:36Z,fresh,6.08,True,True,False,inside_bbox
3222,13580563769,智慧城鄉空品微型感測器-13580563769,新北市,新莊區,一般社區,工地：衛生福利部台北醫院新莊區思源段醫院用地新建工程,,,,25.04304,121.458115,EPSG:4326,9664,6.01,2026-09-02T10:57:08Z,fresh,5.55,True,True,False,inside_bbox
3236,13581910515,智慧城鄉空品微型感測器-13581910515,新北市,永和區,交通區,景區周邊,,,,25.000591,121.51443,EPSG:4326,9706,7.25,2026-09-02T10:57:01Z,fresh,5.66,True,True,False,inside_bbox
3244,13582768181,智慧城鄉空品微型感測器-13582768181,新北市,三重區,交通區,景區周邊,,,,25.065058,121.49715,EPSG:4326,9730,7.22,2026-09-02T10:55:59Z,fresh,6.7,True,True,False,inside_bbox
3245,13582829871,智慧城鄉空品微型感測器-13582829871,新北市,三重區,特殊區(敏感族群聚集區),三重區社區,,,,25.053663,121.48883,EPSG:4326,9733,6.85,2026-09-02T10:56:20Z,fresh,6.35,True,True,False,inside_bbox
3252,13583545251,智慧城鄉空品微型感測器-13583545251,新北市,樹林區,工業區,樹林工業區,,,,25.001745,121.42096,EPSG:4326,9754,5.78,2026-09-02T10:57:40Z,fresh,5.01,True,True,False,inside_bbox
3259,13584259965,智慧城鄉空品微型感測器-13584259965,新北市,泰山區,一般社區,泰山區社區,,,,25.057644,121.43559,EPSG:4326,9775,5.97,2026-09-02T10:56:37Z,fresh,6.06,True,True,False,inside_bbox
3260,13584395107,智慧城鄉空品微型感測器-13584395107,新北市,,,,,,,25.028332,121.433174,EPSG:4326,9778,5.81,2026-09-02T10:58:36Z,fresh,4.08,True,True,False,inside_bbox
3261,650000000001,智慧城鄉空品微型感測器-650000000001,新北市,三重區,,,,,,25.085066,121.49019,EPSG:4326,9781,5.9,2026-09-02T10:58:36Z,fresh,4.08,True,True,False,inside_bbox
3262,650000000002,智慧城鄉空品微型感測器-650000000002,新北市,三重區,,,,,,25.082985,121.49605,EPSG:4326,9784,5.91,2026-09-02T10:58:12Z,fresh,4.48,True,True,False,inside_bbox
3263,650000000003,智慧城鄉空品微型感測器-650000000003,新北市,三重區,,,,,,25.080072,121.4916,EPSG:4326,9787,5.89,2026-09-02T10:56:55Z,fresh,5.76,True,True,False,inside_bbox
3264,650000000004,智慧城鄉空品微型感測器-650000000004,新北市,三重區,,,,,,25.081324,121.4848,EPSG:4326,9790,5.77,2026-09-02T10:56:53Z,fresh,5.8,True,True,False,inside_bbox
3265,650000000005,智慧城鄉空品微型感測器-650000000005,新北市,三重區,,,,,,25.075459,121.48765,EPSG:4326,9793,5.83,2026-09-02T10:58:09Z,fresh,4.53,True,True,False,inside_bbox
3266,650000000006,智慧城鄉空品微型感測器-650000000006,新北市,三重區,,,,,,25.076925,121.48098,EPSG:4326,9796,5.97,2026-09-02T10:56:59Z,fresh,5.7,True,True,False,inside_bbox
3267,650000000007,智慧城鄉空品微型感測器-650000000007,新北市,三重區,,,,,,25.069572,121.48357,EPSG:4326,9799,5.86,2026-09-02T10:58:31Z,fresh,4.16,True,True,False,inside_bbox
3268,650000000008,智慧城鄉空品微型感測器-650000000008,新北市,中和區,,,,,,25.003355,121.46873,EPSG:4326,9802,5.79,2026-09-02T10:58:36Z,fresh,4.08,True,True,False,inside_bbox
3270,650000000010,智慧城鄉空品微型感測器-650000000010,新北市,中和區,,,,,,25.003181,121.50614,EPSG:4326,9808,5.73,2026-09-02T10:56:16Z,fresh,6.41,True,True,False,inside_bbox
3274,650000000014,智慧城鄉空品微型感測器-650000000014,新北市,中和區,,,,,,25.001646,121.48056,EPSG:4326,9820,5.98,2026-09-02T10:58:32Z,fresh,4.15,True,True,False,inside_bbox
3276,650000000016,智慧城鄉空品微型感測器-650000000016,新北市,永和區,,,,,,25.015667,121.51156,EPSG:4326,9826,5.8,2026-09-02T10:09:48Z,offline,52.88,True,True,False,inside_bbox
3278,650000000018,智慧城鄉空品微型感測器-650000000018,新北市,永和區,,,,,,25.004581,121.519745,EPSG:4326,9832,5.73,2026-09-02T10:58:12Z,fresh,4.48,True,True,False,inside_bbox
3280,650000000020,智慧城鄉空品微型感測器-650000000020,新北市,永和區,,,,,,25.000319,121.51893,EPSG:4326,9838,5.66,2026-09-02T10:56:31Z,fresh,6.16,True,True,False,inside_bbox
3282,650000000022,智慧城鄉空品微型感測器-650000000022,新北市,板橋區,,,,,,25.027111,121.48107,EPSG:4326,9844,5.88,2026-09-02T10:58:01Z,fresh,4.66,True,True,False,inside_bbox
3283,650000000023,智慧城鄉空品微型感測器-650000000023,新北市,板橋區,,,,,,25.029333,121.47784,EPSG:4326,9847,5.81,2026-09-02T10:57:26Z,fresh,5.25,True,True,False,inside_bbox
3284,650000000024,智慧城鄉空品微型感測器-650000000024,新北市,板橋區,,,,,,25.031307,121.47327,EPSG:4326,9850,5.74,2026-09-02T10:58:22Z,fresh,4.31,True,True,False,inside_bbox
3285,650000000025,智慧城鄉空品微型感測器-650000000025,新北市,板橋區,,,,,,25.028683,121.46846,EPSG:4326,9853,5.9,2026-09-02T10:57:04Z,fresh,5.61,True,True,False,inside_bbox
3286,650000000026,智慧城鄉空品微型感測器-650000000026,新北市,板橋區,,,,,,25.02498,121.4744,EPSG:4326,9856,5.8,2026-09-02T10:58:22Z,fresh,4.31,True,True,False,inside_bbox
3287,650000000027,智慧城鄉空品微型感測器-650000000027,新北市,板橋區,,,,,,25.01142,121.44746,EPSG:4326,9859,5.74,2026-09-02T10:57:48Z,fresh,4.88,True,True,False,inside_bbox
3289,650000000029,智慧城鄉空品微型感測器-650000000029,新北市,泰山區,,,,,,25.063501,121.43969,EPSG:4326,9865,6.23,2026-09-02T10:57:59Z,fresh,4.7,True,True,False,inside_bbox
3299,650000000039,智慧城鄉空品微型感測器-650000000039,新北市,新莊區,,,,,,25.059793,121.46065,EPSG:4326,9895,5.75,2026-09-02T10:58:36Z,fresh,4.08,True,True,False,inside_bbox
3300,650000000040,智慧城鄉空品微型感測器-650000000040,新北市,新莊區,,,,,,25.05213,121.463715,EPSG:4326,9898,5.72,2026-09-02T10:57:41Z,fresh,5.0,True,True,False,inside_bbox
3301,650000000041,智慧城鄉空品微型感測器-650000000041,新北市,新莊區,,,,,,25.04957,121.458244,EPSG:4326,9901,5.74,2026-09-02T10:58:35Z,fresh,4.1,True,True,False,inside_bbox
3302,650000000042,智慧城鄉空品微型感測器-650000000042,新北市,新莊區,,,,,,25.05451,121.45897,EPSG:4326,9904,5.67,2026-09-02T10:56:55Z,fresh,5.76,True,True,False,inside_bbox
3303,650000000043,智慧城鄉空品微型感測器-650000000043,新北市,新莊區,,,,,,25.056044,121.44785,EPSG:4326,9907,5.8,2026-09-02T10:58:15Z,fresh,4.43,True,True,False,inside_bbox
3304,650000000044,智慧城鄉空品微型感測器-650000000044,新北市,新莊區,,,,,,25.049133,121.44744,EPSG:4326,9910,5.65,2026-09-02T10:58:30Z,fresh,4.18,True,True,False,inside_bbox
3305,650000000045,智慧城鄉空品微型感測器-650000000045,新北市,新莊區,,,,,,25.065273,121.46092,EPSG:4326,9913,5.84,2026-09-02T10:58:23Z,fresh,4.3,True,True,False,inside_bbox
3306,650000000046,智慧城鄉空品微型感測器-650000000046,新北市,新莊區,,,,,,25.023346,121.422455,EPSG:4326,9916,6.05,2026-09-02T10:57:45Z,fresh,4.93,True,True,False,inside_bbox
3307,650000000047,智慧城鄉空品微型感測器-650000000047,新北市,蘆洲區,,,,,,25.085716,121.465004,EPSG:4326,9919,5.82,2026-09-02T10:57:50Z,fresh,4.85,True,True,False,inside_bbox
3308,650000000048,智慧城鄉空品微型感測器-650000000048,新北市,蘆洲區,,,,,,25.079777,121.465744,EPSG:4326,9922,6.13,2026-09-02T10:58:13Z,fresh,4.46,True,True,False,inside_bbox
3309,650000000049,智慧城鄉空品微型感測器-650000000049,新北市,蘆洲區,,,,,,25.079687,121.472115,EPSG:4326,9925,6.66,2026-09-02T10:56:09Z,fresh,6.53,True,True,False,inside_bbox
3310,650000000050,智慧城鄉空品微型感測器-650000000050,新北市,蘆洲區,,,,,,25.089602,121.472435,EPSG:4326,9928,,,missing_observation,,True,False,False,inside_bbox
3313,100080000004,智慧城鄉空品微型感測器-100080000004,南投縣,水里鄉,一般社區,集集分局水里分駐所,,,,25.006107,121.48321,EPSG:4326,9937,,,missing_observation,,True,False,False,inside_bbox
3315,100080000006,智慧城鄉空品微型感測器-100080000006,南投縣,魚池鄉,一般社區,魚池鄉公所,,,,25.00609,121.48337,EPSG:4326,9943,,,missing_observation,,True,False,False,inside_bbox
3319,100080000011,智慧城鄉空品微型感測器-100080000011,南投縣,鹿谷鄉,一般社區,鹿谷國小,,,,25.00619,121.48366,EPSG:4326,9955,,,missing_observation,,True,False,False,inside_bbox
3324,100080000021,智慧城鄉空品微型感測器-100080000021,南投縣,國姓鄉,一般社區,國姓鄉公所,,,,25.006607,121.4837,EPSG:4326,9970,,,missing_observation,,True,False,False,inside_bbox
3366,10908216751,智慧城鄉空品微型感測器-10908216751,南投縣,草屯鎮,鄰近工業區社區,烏溪鳥嘴潭人工湖工程計畫營建工程,,,,25.006823,121.48401,EPSG:4326,10096,0.12,2026-09-02T10:57:30Z,fresh,5.18,True,True,False,inside_bbox
